time_ms,cpu_psi_some_10,cpu_psi_some_60,cpu_psi_some_300,cpu_psi_full_10,cpu_psi_full_60,cpu_psi_full_300,io_psi_some_10,io_psi_some_60,io_psi_some_300,io_psi_full_10,io_psi_full_60,io_psi_full_300,mem_psi_some_10,mem_psi_some_60,mem_psi_some_300,mem_psi_full_10,mem_psi_full_60,mem_psi_full_300,load_avg_1,load_avg_5,load_avg_15,procs_running,procs_blocked,procs_disk_io
0,1.13,7.47,15.37,0,0,0,0,0,0.01,0,0,0,0,0,0,0,0,0,3.46,7.2,4.26,2,0,0
1000,1.13,7.47,15.37,0,0,0,0,0,0.01,0,0,0,0,0,0,0,0,0,3.19,7.08,4.23,4,0,0
2000,0.93,7.23,15.26,0,0,0,0,0,0.01,0,0,0,0,0,0,0,0,0,3.19,7.08,4.23,1,0,0
3000,0.93,7.23,15.26,0,0,0,0,0,0.01,0,0,0,0,0,0,0,0,0,3.19,7.08,4.23,2,0,0
4000,2.02,7.22,15.2,0,0,0,0,0,0.01,0,0,0,0,0,0,0,0,0,3.19,7.08,4.23,2,0,0
5000,2.02,7.22,15.2,0,0,0,0,0,0.01,0,0,0,0,0,0,0,0,0,3.19,7.08,4.23,2,0,0
6000,4.56,7.51,15.21,0,0,0,0,0,0.01,0,0,0,0,0,0,0,0,0,3.25,7.02,4.23,3,0,0
7000,4.56,7.51,15.21,0,0,0,0,0,0.01,0,0,0,0,0,0,0,0,0,3.25,7.02,4.23,2,0,0
8000,5.54,7.59,15.17,0,0,0,0,0,0.01,0,0,0,0,0,0,0,0,0,3.25,7.02,4.23,3,0,0
9000,5.54,7.59,15.17,0,0,0,0,0,0.01,0,0,0,0,0,0,0,0,0,3.25,7.02,4.23,2,0,0
10000,7.07,7.8,15.16,0,0,0,0,0,0.01,0,0,0,0,0,0,0,0,0,3.25,7.02,4.23,2,0,0
11000,7.07,7.8,15.16,0,0,0,0,0,0.01,0,0,0,0,0,0,0,0,0,3.39,6.99,4.24,3,0,0
12000,8.15,7.97,15.15,0,0,0,0,0,0.01,0,0,0,0,0,0,0,0,0,3.39,6.99,4.24,4,0,0
13000,8.15,7.97,15.15,0,0,0,0,0,0.01,0,0,0,0,0,0,0,0,0,3.39,6.99,4.24,2,0,0
14000,8.48,8.04,15.11,0,0,0,0,0,0.01,0,0,0,0,0,0,0,0,0,3.39,6.99,4.24,3,0,0
15000,8.48,8.04,15.11,0,0,0,0,0,0.01,0,0,0,0,0,0,0,0,0,3.39,6.99,4.24,3,0,0
16000,10.2,8.36,15.13,0,0,0,0,0,0.01,0,0,0,0,0,0,0,0,0,3.76,7.01,4.26,3,0,0
17000,10.2,8.36,15.13,0,0,0,0,0,0.01,0,0,0,0,0,0,0,0,0,3.76,7.01,4.26,2,0,0
18000,10.89,8.55,15.13,0,0,0,0,0,0.01,0,0,0,0,0,0,0,0,0,3.76,7.01,4.26,2,0,0
19000,10.89,8.55,15.13,0,0,0,0,0,0.01,0,0,0,0,0,0,0,0,0,3.76,7.01,4.26,2,0,0
20000,11.45,8.73,15.12,0,0,0,0,0,0,0,0,0,0,0,0,0,0,0,3.76,7.01,4.26,3,0,0
21000,11.45,8.73,15.12,0,0,0,0,0,0,0,0,0,0,0,0,0,0,0,4.02,7.01,4.27,2,0,0
22000,12.46,9,15.13,0,0,0,0,0,0,0,0,0,0,0,0,0,0,0,4.02,7.01,4.27,3,0,0
23000,12.46,9,15.13,0,0,0,0,0,0,0,0,0,0,0,0,0,0,0,4.02,7.01,4.27,3,0,0
24000,13.82,9.36,15.17,0,0,0,0,0,0,0,0,0,0,0,0,0,0,0,4.02,7.01,4.27,14,0,0
25000,13.82,9.36,15.17,0,0,0,0,0,0,0,0,0,0,0,0,0,0,0,4.02,7.01,4.27,14,0,0
26000,13.86,9.51,15.16,0,0,0,0,0,0,0,0,0,0,0,0,0,0,0,5.86,7.34,4.39,7,0,0
27000,13.86,9.51,15.16,0,0,0,0,0,0,0,0,0,0,0,0,0,0,0,5.86,7.34,4.39,10,0,0
28000,14.24,9.72,15.16,0,0,0,0,0,0,0,0,0,0,0,0,0,0,0,5.86,7.34,4.39,4,0,0
29000,14.24,9.72,15.16,0,0,0,0,0,0,0,0,0,0,0,0,0,0,0,5.86,7.34,4.39,15,0,0
30000,14.56,9.93,15.17,0,0,0,0,0,0,0,0,0,0,0,0,0,0,0,5.86,7.34,4.39,10,0,0
31000,14.56,9.93,15.17,0,0,0,0,0,0,0,0,0,0,0,0,0,0,0,6.51,7.45,4.45,19,0,0
32000,14.82,10.12,15.17,0,0,0,0,0,0,0,0,0,0,0,0,0,0,0,6.51,7.45,4.45,31,0,0
33000,14.82,10.12,15.17,0,0,0,0,0,0,0,0,0,0,0,0,0,0,0,6.51,7.45,4.45,4,0,0
34000,15.21,10.35,15.19,0,0,0,0,0,0,0,0,0,0,0,0,0,0,0,6.51,7.45,4.45,23,0,0
35000,15.21,10.35,15.19,0,0,0,0,0,0,0,0,0,0,0,0,0,0,0,6.51,7.45,4.45,9,0,0
36000,15.9,10.63,15.21,0,0,0,0,0,0,0,0,0,0,0,0,0,0,0,6.55,7.44,4.46,10,0,0
37000,15.9,10.63,15.21,0,0,0,0,0,0,0,0,0,0,0,0,0,0,0,6.55,7.44,4.46,16,0,0
38000,15.92,10.81,15.22,0,0,0,0,0,0,0,0,0,0,0,0,0,0,0,6.55,7.44,4.46,28,0,0
39000,15.92,10.81,15.22,0,0,0,0,0,0,0,0,0,0,0,0,0,0,0,6.55,7.44,4.46,10,0,0
40000,15.93,10.98,15.22,0,0,0,0,0,0,0,0,0,0,0,0,0,0,0,6.55,7.44,4.46,28,0,0
41000,15.93,10.98,15.22,0,0,0,0,0,0,0,0,0,0,0,0,0,0,0,6.27,7.37,4.45,3,0,0
42000,15.94,11.14,15.23,0,0,0,0,0,0,0,0,0,0,0,0,0,0,0,6.27,7.37,4.45,10,0,0
43000,15.94,11.14,15.23,0,0,0,0,0,0,0,0,0,0,0,0,0,0,0,6.27,7.37,4.45,10,0,0
44000,15.59,11.24,15.22,0,0,0,0,0,0,0,0,0,0,0,0,0,0,0,6.27,7.37,4.45,3,0,0
45000,15.59,11.24,15.22,0,0,0,0,0,0,0,0,0,0,0,0,0,0,0,6.27,7.37,4.45,2,0,0
46000,15.66,11.39,15.23,0,0,0,0,0,0,0,0,0,0,0,0,0,0,0,6.81,7.46,4.5,2,0,0
47000,15.66,11.39,15.23,0,0,0,0,0,0,0,0,0,0,0,0,0,0,0,6.81,7.46,4.5,10,0,0
48000,16.09,11.61,15.25,0,0,0,0,0,0,0,0,0,0,0,0,0,0,0,6.81,7.46,4.5,30,0,0
49000,16.09,11.61,15.25,0,0,0,0,0,0,0,0,0,0,0,0,0,0,0,6.81,7.46,4.5,19,0,0
50000,16.61,11.85,15.27,0,0,0,0,0,0,0,0,0,0,0,0,0,0,0,6.81,7.46,4.5,29,0,0
51000,16.61,11.85,15.27,0,0,0,0,0,0,0,0,0,0,0,0,0,0,0,6.98,7.49,4.52,21,0,0
52000,16.68,12.02,15.28,0,0,0,0,0,0,0,0,0,0,0,0,0,0,0,6.98,7.49,4.52,39,0,0
53000,16.68,12.02,15.28,0,0,0,0,0,0,0,0,0,0,0,0,0,0,0,6.98,7.49,4.52,8,0,0
54000,16.74,12.18,15.3,0,0,0,0,0,0,0,0,0,0,0,0,0,0,0,6.98,7.49,4.52,25,0,0
55000,16.74,12.18,15.3,0,0,0,0,0,0,0,0,0,0,0,0,0,0,0,6.98,7.49,4.52,14,0,0
56000,16.42,12.27,15.29,0,0,0,0,0,0,0,0,0,0,0,0,0,0,0,6.58,7.4,4.51,14,0,0
57000,16.42,12.27,15.29,0,0,0,0,0,0,0,0,0,0,0,0,0,0,0,6.58,7.4,4.51,2,0,0
58000,16.16,12.36,15.29,0,0,0,0,0,0,0,0,0,0,0,0,0,0,0,6.58,7.4,4.51,3,0,0
59000,16.16,12.36,15.29,0,0,0,0,0,0,0,0,0,0,0,0,0,0,0,6.58,7.4,4.51,10,0,0
60000,15.95,12.45,15.29,0,0,0,0,0,0,0,0,0,0,0,0,0,0,0,6.58,7.4,4.51,9,0,0
61000,15.95,12.45,15.29,0,0,0,0,0,0,0,0,0,0,0,0,0,0,0,8.14,7.71,4.63,24,0,0
62000,15.78,12.53,15.29,0,0,0,0,0,0,0,0,0,0,0,0,0,0,0,8.14,7.71,4.63,27,0,0
63000,15.78,12.53,15.29,0,0,0,0,0,0,0,0,0,0,0,0,0,0,0,8.14,7.71,4.63,11,0,0
64000,15.82,12.65,15.29,0,0,0,0,0,0,0,0,0,0,0,0,0,0,0,8.14,7.71,4.63,29,0,0
65000,15.82,12.65,15.29,0,0,0,0,0,0,0,0,0,0,0,0,0,0,0,8.14,7.71,4.63,9,0,0
66000,15.67,12.72,15.29,0,0,0,0,0,0,0,0,0,0,0,0,0,0,0,7.65,7.61,4.61,14,0,0
67000,15.67,12.72,15.29,0,0,0,0,0,0,0,0,0,0,0,0,0,0,0,7.65,7.61,4.61,2,0,0
68000,15.37,12.77,15.28,0,0,0,0,0,0,0,0,0,0,0,0,0,0,0,7.65,7.61,4.61,15,0,0
69000,15.37,12.77,15.28,0,0,0,0,0,0,0,0,0,0,0,0,0,0,0,7.65,7.61,4.61,15,0,0
70000,15.3,12.84,15.28,0,0,0,0,0,0,0,0,0,0,0,0,0,0,0,7.65,7.61,4.61,10,0,0
71000,15.3,12.84,15.28,0,0,0,0,0,0,0,0,0,0,0,0,0,0,0,7.11,7.5,4.59,28,0,0
72000,15.42,12.94,15.28,0,0,0,0,0,0,0,0,0,0,0,0,0,0,0,7.11,7.5,4.59,11,0,0
73000,15.42,12.94,15.28,0,0,0,0,0,0,0,0,0,0,0,0,0,0,0,7.11,7.5,4.59,3,0,0
74000,15.35,13.01,15.28,0,0,0,0,0,0,0,0,0,0,0,0,0,0,0,7.11,7.5,4.59,9,0,0
75000,15.35,13.01,15.28,0,0,0,0,0,0,0,0,0,0,0,0,0,0,0,7.11,7.5,4.59,3,0,0
76000,15.46,13.11,15.29,0,0,0,0,0,0,0,0,0,0,0,0,0,0,0,6.62,7.39,4.57,30,0,0
77000,15.46,13.11,15.29,0,0,0,0,0,0,0,0,0,0,0,0,0,0,0,6.62,7.39,4.57,15,0,0
78000,15.38,13.17,15.28,0,0,0,0,0,0,0,0,0,0,0,0,0,0,0,6.62,7.39,4.57,4,0,0
79000,15.38,13.17,15.28,0,0,0,0,0,0,0,0,0,0,0,0,0,0,0,6.62,7.39,4.57,10,0,0
80000,15.31,13.23,15.28,0,0,0,0,0,0,0,0,0,0,0,0,0,0,0,6.62,7.39,4.57,17,0,0
81000,15.31,13.23,15.28,0,0,0,0,0,0,0,0,0,0,0,0,0,0,0,6.17,7.29,4.55,8,0,0
82000,15.07,13.26,15.27,0,0,0,0,0,0,0,0,0,0,0,0,0,0,0,6.17,7.29,4.55,31,0,0
83000,15.07,13.26,15.27,0,0,0,0,0,0,0,0,0,0,0,0,0,0,0,6.17,7.29,4.55,2,0,0
84000,15.24,13.35,15.28,0,0,0,0,0,0,0,0,0,0,0,0,0,0,0,6.17,7.29,4.55,2,0,0
85000,15.24,13.35,15.28,0,0,0,0,0,0,0,0,0,0,0,0,0,0,0,6.17,7.29,4.55,2,0,0
86000,15.56,13.47,15.29,0,0,0,0,0,0,0,0,0,0,0,0,0,0,0,7.68,7.58,4.66,10,0,0
87000,15.56,13.47,15.29,0,0,0,0,0,0,0,0,0,0,0,0,0,0,0,7.68,7.58,4.66,11,0,0
88000,15.82,13.58,15.3,0,0,0,0,0,0,0,0,0,0,0,0,0,0,0,7.68,7.58,4.66,2,0,0
89000,15.82,13.58,15.3,0,0,0,0,0,0,0,0,0,0,0,0,0,0,0,7.68,7.58,4.66,10,0,0
90000,15.49,13.59,15.29,0,0,0,0,0,0,0,0,0,0,0,0,0,0,0,7.68,7.58,4.66,17,0,0
91000,15.49,13.59,15.29,0,0,0,0,0,0,0,0,0,0,0,0,0,0,0,8.03,7.65,4.7,12,0,0
92000,15.4,13.64,15.29,0,0,0,0,0,0,0,0,0,0,0,0,0,0,0,8.03,7.65,4.7,14,0,0
93000,15.4,13.64,15.29,0,0,0,0,0,0,0,0,0,0,0,0,0,0,0,8.03,7.65,4.7,8,0,0
94000,15.32,13.68,15.29,0,0,0,0,0,0,0,0,0,0,0,0,0,0,0,8.03,7.65,4.7,17,0,0
95000,15.32,13.68,15.29,0,0,0,0,0,0,0,0,0,0,0,0,0,0,0,8.03,7.65,4.7,12,0,0
96000,15.26,13.73,15.28,0,0,0,0,0,0,0,0,0,0,0,0,0,0,0,8.59,7.78,4.76,3,0,0
97000,15.26,13.73,15.28,0,0,0,0,0,0,0,0,0,0,0,0,0,0,0,8.59,7.78,4.76,20,0,0
98000,15.22,13.77,15.28,0,0,0,0,0,0,0,0,0,0,0,0,0,0,0,8.59,7.78,4.76,29,0,0
99000,15.22,13.77,15.28,0,0,0,0,0,0,0,0,0,0,0,0,0,0,0,8.59,7.78,4.76,15,0,0
100000,15.54,13.88,15.29,0,0,0,0,0,0,0,0,0,0,0,0,0,0,0,8.59,7.78,4.76,10,0,0
101000,15.54,13.88,15.29,0,0,0,0,0,0,0,0,0,0,0,0,0,0,0,9.9,8.06,4.87,30,0,0
102000,15.44,13.91,15.29,0,0,0,0,0,0,0,0,0,0,0,0,0,0,0,9.9,8.06,4.87,2,0,0
103000,15.44,13.91,15.29,0,0,0,0,0,0,0,0,0,0,0,0,0,0,0,9.9,8.06,4.87,13,0,0
104000,15.72,14.01,15.3,0,0,0,0,0,0,0,0,0,0,0,0,0,0,0,9.9,8.06,4.87,31,0,0
105000,15.72,14.01,15.3,0,0,0,0,0,0,0,0,0,0,0,0,0,0,0,9.9,8.06,4.87,3,0,0
106000,16.13,14.14,15.32,0,0,0,0,0,0,0,0,0,0,0,0,0,0,0,11.27,8.38,4.99,28,0,0
107000,16.13,14.14,15.32,0,0,0,0,0,0,0,0,0,0,0,0,0,0,0,11.27,8.38,4.99,11,0,0
108000,16.29,14.24,15.33,0,0,0,0,0,0,0,0,0,0,0,0,0,0,0,11.27,8.38,4.99,5,0,0
109000,16.29,14.24,15.33,0,0,0,0,0,0,0,0,0,0,0,0,0,0,0,11.27,8.38,4.99,13,0,0
110000,16.06,14.26,15.33,0,0,0,0,0,0,0,0,0,0,0,0,0,0,0,11.27,8.38,4.99,20,0,0
111000,16.06,14.26,15.33,0,0,0,0,0,0,0,0,0,0,0,0,0,0,0,11.49,8.47,5.03,16,0,0
112000,15.86,14.29,15.33,0,0,0,0,0,0,0,0,0,0,0,0,0,0,0,11.49,8.47,5.03,2,0,0
113000,15.86,14.29,15.33,0,0,0,0,0,0,0,0,0,0,0,0,0,0,0,11.49,8.47,5.03,7,0,0
114000,15.89,14.34,15.33,0,0,0,0,0,0,0,0,0,0,0,0,0,0,0,11.49,8.47,5.03,15,0,0
115000,15.89,14.34,15.33,0,0,0,0,0,0,0,0,0,0,0,0,0,0,0,11.37,8.5,5.06,2,0,0
116000,15.73,14.36,15.33,0,0,0,0,0,0,0,0,0,0,0,0,0,0,0,11.37,8.5,5.06,10,0,0
117000,15.73,14.36,15.33,0,0,0,0,0,0,0,0,0,0,0,0,0,0,0,11.37,8.5,5.06,15,0,0
118000,15.77,14.42,15.34,0,0,0,0,0,0,0,0,0,0,0,0,0,0,0,11.37,8.5,5.06,2,0,0
119000,15.77,14.42,15.34,0,0,0,0,0,0,0,0,0,0,0,0,0,0,0,11.37,8.5,5.06,30,0,0
120000,15.63,14.44,15.33,0,0,0,0,0,0,0,0,0,0,0,0,0,0,0,11.5,8.57,5.1,3,0,0
121000,15.63,14.44,15.33,0,0,0,0,0,0,0,0,0,0,0,0,0,0,0,11.5,8.57,5.1,2,0,0
122000,15.88,14.52,15.34,0,0,0,0,0,0,0,0,0,0,0,0,0,0,0,11.5,8.57,5.1,10,0,0
123000,15.88,14.52,15.34,0,0,0,0,0,0,0,0,0,0,0,0,0,0,0,11.5,8.57,5.1,20,0,0
124000,15.9,14.57,15.35,0,0,0,0,0,0,0,0,0,0,0,0,0,0,0,11.5,8.57,5.1,29,0,0
125000,15.9,14.57,15.35,0,0,0,0,0,0,0,0,0,0,0,0,0,0,0,11.7,8.66,5.15,10,0,0
126000,16.28,14.68,15.37,0,0,0,0,0,0,0,0,0,0,0,0,0,0,0,11.7,8.66,5.15,2,0,0
127000,16.28,14.68,15.37,0,0,0,0,0,0,0,0,0,0,0,0,0,0,0,11.7,8.66,5.15,11,0,0
128000,16.23,14.72,15.37,0,0,0,0,0,0,0,0,0,0,0,0,0,0,0,11.7,8.66,5.15,19,0,0
129000,16.23,14.72,15.37,0,0,0,0,0,0,0,0,0,0,0,0,0,0,0,11.7,8.66,5.15,18,0,0
130000,16.37,14.8,15.38,0,0,0,0,0,0,0,0,0,0,0,0,0,0,0,12.37,8.85,5.23,29,0,0
131000,16.37,14.8,15.38,0,0,0,0,0,0,0,0,0,0,0,0,0,0,0,12.37,8.85,5.23,3,0,0
132000,16.3,14.84,15.39,0,0,0,0,0,0,0,0,0,0,0,0,0,0,0,12.37,8.85,5.23,4,0,0
133000,16.3,14.84,15.39,0,0,0,0,0,0,0,0,0,0,0,0,0,0,0,12.37,8.85,5.23,10,0,0
134000,16.24,14.88,15.39,0,0,0,0,0,0,0,0,0,0,0,0,0,0,0,12.37,8.85,5.23,8,0,0
135000,16.24,14.88,15.39,0,0,0,0,0,0,0,0,0,0,0,0,0,0,0,12.5,8.94,5.28,3,0,0
136000,16.2,14.91,15.4,0,0,0,0,0,0,0,0,0,0,0,0,0,0,0,12.5,8.94,5.28,2,0,0
137000,16.2,14.91,15.4,0,0,0,0,0,0,0,0,0,0,0,0,0,0,0,12.5,8.94,5.28,10,0,0
138000,16.16,14.95,15.4,0,0,0,0,0,0,0,0,0,0,0,0,0,0,0,12.5,8.94,5.28,3,0,0
139000,16.16,14.95,15.4,0,0,0,0,0,0,0,0,0,0,0,0,0,0,0,12.5,8.94,5.28,2,0,0
140000,15.95,14.95,15.4,0,0,0,0,0,0,0,0,0,0,0,0,0,0,0,13.02,9.1,5.35,10,0,0
141000,15.95,14.95,15.4,0,0,0,0,0,0,0,0,0,0,0,0,0,0,0,13.02,9.1,5.35,7,0,0
142000,15.78,14.95,15.4,0,0,0,0,0,0,0,0,0,0,0,0,0,0,0,13.02,9.1,5.35,11,0,0
143000,15.78,14.95,15.4,0,0,0,0,0,0,0,0,0,0,0,0,0,0,0,13.02,9.1,5.35,13,0,0
144000,15.63,14.95,15.39,0,0,0,0,0,0,0,0,0,0,0,0,0,0,0,13.02,9.1,5.35,2,0,0
145000,15.63,14.95,15.39,0,0,0,0,0,0,0,0,0,0,0,0,0,0,0,13.18,9.2,5.41,11,0,0
146000,15.7,14.99,15.4,0,0,0,0,0,0,0,0,0,0,0,0,0,0,0,13.18,9.2,5.41,17,0,0
147000,15.7,14.99,15.4,0,0,0,0,0,0,0,0,0,0,0,0,0,0,0,13.18,9.2,5.41,10,0,0
148000,15.93,15.05,15.41,0,0,0,0,0,0,0,0,0,0,0,0,0,0,0,13.18,9.2,5.41,24,0,0
149000,15.93,15.05,15.41,0,0,0,0,0,0,0,0,0,0,0,0,0,0,0,13.18,9.2,5.41,9,0,0
150000,15.95,15.09,15.41,0,0,0,0,0,0,0,0,0,0,0,0,0,0,0,13,9.23,5.44,2,0,0
151000,15.95,15.09,15.41,0,0,0,0,0,0,0,0,0,0,0,0,0,0,0,13,9.23,5.44,2,0,0
152000,15.77,15.08,15.41,0,0,0,0,0,0,0,0,0,0,0,0,0,0,0,13,9.23,5.44,30,0,0
153000,15.77,15.08,15.41,0,0,0,0,0,0,0,0,0,0,0,0,0,0,0,13,9.23,5.44,18,0,0
154000,16,15.15,15.42,0,0,0,0,0,0,0,0,0,0,0,0,0,0,0,13,9.23,5.44,10,0,0
155000,16,15.15,15.42,0,0,0,0,0,0,0,0,0,0,0,0,0,0,0,12.12,9.11,5.42,3,0,0
156000,16.18,15.21,15.43,0,0,0,0,0,0,0,0,0,0,0,0,0,0,0,12.12,9.11,5.42,10,0,0
157000,16.18,15.21,15.43,0,0,0,0,0,0,0,0,0,0,0,0,0,0,0,12.12,9.11,5.42,15,0,0
158000,16.14,15.23,15.44,0,0,0,0,0,0,0,0,0,0,0,0,0,0,0,12.12,9.11,5.42,15,0,0
159000,16.14,15.23,15.44,0,0,0,0,0,0,0,0,0,0,0,0,0,0,0,12.12,9.11,5.42,11,0,0
160000,16.3,15.29,15.45,0,0,0,0,0,0,0,0,0,0,0,0,0,0,0,11.71,9.08,5.43,13,0,0
161000,16.3,15.29,15.45,0,0,0,0,0,0,0,0,0,0,0,0,0,0,0,11.71,9.08,5.43,16,0,0
162000,16.42,15.35,15.46,0,0,0,0,0,0,0,0,0,0,0,0,0,0,0,11.71,9.08,5.43,17,0,0
163000,16.42,15.35,15.46,0,0,0,0,0,0,0,0,0,0,0,0,0,0,0,11.71,9.08,5.43,11,0,0
164000,16.35,15.37,15.46,0,0,0,0,0,0,0,0,0,0,0,0,0,0,0,11.71,9.08,5.43,2,0,0
165000,16.35,15.37,15.46,0,0,0,0,0,0,0,0,0,0,0,0,0,0,0,11.25,9.03,5.43,15,0,0
166000,16.64,15.45,15.48,0,0,0,0,0,0,0,0,0,0,0,0,0,0,0,11.25,9.03,5.43,6,0,0
167000,16.64,15.45,15.48,0,0,0,0,0,0,0,0,0,0,0,0,0,0,0,11.25,9.03,5.43,8,0,0
168000,16.35,15.44,15.48,0,0,0,0,0,0,0,0,0,0,0,0,0,0,0,11.25,9.03,5.43,15,0,0
169000,16.35,15.44,15.48,0,0,0,0,0,0,0,0,0,0,0,0,0,0,0,11.25,9.03,5.43,3,0,0
170000,16.46,15.49,15.49,0,0,0,0,0,0,0,0,0,0,0,0,0,0,0,11.87,9.19,5.5,17,0,0
171000,16.46,15.49,15.49,0,0,0,0,0,0,0,0,0,0,0,0,0,0,0,11.87,9.19,5.5,30,0,0
172000,16.38,15.51,15.49,0,0,0,0,0,0,0,0,0,0,0,0,0,0,0,11.87,9.19,5.5,11,0,0
173000,16.38,15.51,15.49,0,0,0,0,0,0,0,0,0,0,0,0,0,0,0,11.87,9.19,5.5,8,0,0
174000,16.31,15.52,15.49,0,0,0,0,0,0,0,0,0,0,0,0,0,0,0,11.87,9.19,5.5,8,0,0
175000,16.31,15.52,15.49,0,0,0,0,0,0,0,0,0,0,0,0,0,0,0,13.09,9.49,5.62,10,0,0
176000,16.07,15.51,15.49,0,0,0,0,0,0,0,0,0,0,0,0,0,0,0,13.09,9.49,5.62,3,0,0
177000,16.07,15.51,15.49,0,0,0,0,0,0,0,0,0,0,0,0,0,0,0,13.09,9.49,5.62,28,0,0
178000,16.06,15.52,15.49,0,0,0,0,0,0,0,0,0,0,0,0,0,0,0,13.09,9.49,5.62,10,0,0
179000,16.06,15.52,15.49,0,0,0,0,0,0,0,0,0,0,0,0,0,0,0,13.09,9.49,5.62,28,0,0
180000,15.86,15.5,15.49,0,0,0,0,0,0,0,0,0,0,0,0,0,0,0,12.12,9.35,5.59,27,0,0
181000,15.86,15.5,15.49,0,0,0,0,0,0,0,0,0,0,0,0,0,0,0,12.12,9.35,5.59,2,0,0
182000,15.71,15.49,15.49,0,0,0,0,0,0,0,0,0,0,0,0,0,0,0,12.12,9.35,5.59,11,0,0
183000,15.71,15.49,15.49,0,0,0,0,0,0,0,0,0,0,0,0,0,0,0,12.12,9.35,5.59,7,0,0
184000,15.76,15.5,15.49,0,0,0,0,0,0,0,0,0,0,0,0,0,0,0,12.12,9.35,5.59,15,0,0
185000,15.76,15.5,15.49,0,0,0,0,0,0,0,0,0,0,0,0,0,0,0,12.59,9.49,5.66,9,0,0
186000,15.98,15.55,15.5,0,0,0,0,0,0,0,0,0,0,0,0,0,0,0,12.59,9.49,5.66,10,0,0
187000,15.98,15.55,15.5,0,0,0,0,0,0,0,0,0,0,0,0,0,0,0,12.59,9.49,5.66,7,0,0
188000,15.99,15.57,15.51,0,0,0,0,0,0,0,0,0,0,0,0,0,0,0,12.59,9.49,5.66,14,0,0
189000,15.99,15.57,15.51,0,0,0,0,0,0,0,0,0,0,0,0,0,0,0,12.59,9.49,5.66,15,0,0
190000,15.81,15.55,15.5,0,0,0,0,0,0,0,0,0,0,0,0,0,0,0,11.74,9.37,5.64,2,0,0
191000,15.81,15.55,15.5,0,0,0,0,0,0,0,0,0,0,0,0,0,0,0,11.74,9.37,5.64,15,0,0
192000,15.84,15.56,15.51,0,0,0,0,0,0,0,0,0,0,0,0,0,0,0,11.74,9.37,5.64,3,0,0
193000,15.84,15.56,15.51,0,0,0,0,0,0,0,0,0,0,0,0,0,0,0,11.74,9.37,5.64,15,0,0
194000,15.69,15.54,15.5,0,0,0,0,0,0,0,0,0,0,0,0,0,0,0,11.74,9.37,5.64,2,0,0
195000,15.69,15.54,15.5,0,0,0,0,0,0,0,0,0,0,0,0,0,0,0,10.88,9.23,5.62,30,0,0
196000,15.74,15.56,15.5,0,0,0,0,0,0,0,0,0,0,0,0,0,0,0,10.88,9.23,5.62,5,0,0
197000,15.74,15.56,15.5,0,0,0,0,0,0,0,0,0,0,0,0,0,0,0,10.88,9.23,5.62,16,0,0
198000,15.79,15.57,15.51,0,0,0,0,0,0,0,0,0,0,0,0,0,0,0,10.88,9.23,5.62,3,0,0
199000,15.79,15.57,15.51,0,0,0,0,0,0,0,0,0,0,0,0,0,0,0,10.88,9.23,5.62,16,0,0
200000,15.83,15.59,15.51,0,0,0,0,0,0,0,0,0,0,0,0,0,0,0,11.13,9.31,5.66,8,0,0
201000,15.83,15.59,15.51,0,0,0,0,0,0,0,0,0,0,0,0,0,0,0,11.13,9.31,5.66,2,0,0
202000,16.04,15.63,15.52,0,0,0,0,0,0,0,0,0,0,0,0,0,0,0,11.13,9.31,5.66,32,0,0
203000,16.04,15.63,15.52,0,0,0,0,0,0,0,0,0,0,0,0,0,0,0,11.13,9.31,5.66,23,0,0
204000,15.85,15.61,15.52,0,0,0,0,0,0,0,0,0,0,0,0,0,0,0,11.13,9.31,5.66,11,0,0
205000,15.85,15.61,15.52,0,0,0,0,0,0,0,0,0,0,0,0,0,0,0,11.28,9.37,5.7,17,0,0
206000,16.06,15.66,15.53,0,0,0,0,0,0,0,0,0,0,0,0,0,0,0,11.28,9.37,5.7,17,0,0
207000,16.06,15.66,15.53,0,0,0,0,0,0,0,0,0,0,0,0,0,0,0,11.28,9.37,5.7,18,0,0
208000,15.86,15.64,15.52,0,0,0,0,0,0,0,0,0,0,0,0,0,0,0,11.28,9.37,5.7,29,0,0
209000,15.86,15.64,15.52,0,0,0,0,0,0,0,0,0,0,0,0,0,0,0,11.28,9.37,5.7,29,0,0
210000,15.89,15.65,15.53,0,0,0,0,0,0,0,0,0,0,0,0,0,0,0,11.82,9.51,5.77,6,0,0
211000,15.89,15.65,15.53,0,0,0,0,0,0,0,0,0,0,0,0,0,0,0,11.82,9.51,5.77,2,0,0
212000,15.73,15.63,15.52,0,0,0,0,0,0,0,0,0,0,0,0,0,0,0,11.82,9.51,5.77,19,0,0
213000,15.73,15.63,15.52,0,0,0,0,0,0,0,0,0,0,0,0,0,0,0,11.82,9.51,5.77,3,0,0
214000,15.77,15.64,15.53,0,0,0,0,0,0,0,0,0,0,0,0,0,0,0,11.82,9.51,5.77,11,0,0
215000,15.77,15.64,15.53,0,0,0,0,0,0,0,0,0,0,0,0,0,0,0,13.35,9.87,5.9,11,0,0
216000,16,15.68,15.54,0,0,0,0,0,0,0,0,0,0,0,0,0,0,0,13.35,9.87,5.9,15,0,0
217000,16,15.68,15.54,0,0,0,0,0,0,0,0,0,0,0,0,0,0,0,13.35,9.87,5.9,16,0,0
218000,16.18,15.73,15.55,0,0,0,0,0,0,0,0,0,0,0,0,0,0,0,13.35,9.87,5.9,9,0,0
219000,16.18,15.73,15.55,0,0,0,0,0,0,0,0,0,0,0,0,0,0,0,13.35,9.87,5.9,4,0,0
220000,16.33,15.77,15.56,0,0,0,0,0,0,0,0,0,0,0,0,0,0,0,13.33,9.92,5.94,14,0,0
221000,16.33,15.77,15.56,0,0,0,0,0,0,0,0,0,0,0,0,0,0,0,13.33,9.92,5.94,3,0,0
222000,16.08,15.74,15.55,0,0,0,0,0,0,0,0,0,0,0,0,0,0,0,13.33,9.92,5.94,11,0,0
223000,16.08,15.74,15.55,0,0,0,0,0,0,0,0,0,0,0,0,0,0,0,13.33,9.92,5.94,20,0,0
224000,15.89,15.72,15.55,0,0,0,0,0,0,0,0,0,0,0,0,0,0,0,13.33,9.92,5.94,7,0,0
225000,15.89,15.72,15.55,0,0,0,0,0,0,0,0,0,0,0,0,0,0,0,13.46,10,5.99,10,0,0
226000,15.91,15.73,15.55,0,0,0,0,0,0,0,0,0,0,0,0,0,0,0,13.46,10,5.99,9,0,0
227000,15.91,15.73,15.55,0,0,0,0,0,0,0,0,0,0,0,0,0,0,0,13.46,10,5.99,10,0,0
228000,15.92,15.74,15.56,0,0,0,0,0,0,0,0,0,0,0,0,0,0,0,13.46,10,5.99,31,0,0
229000,15.92,15.74,15.56,0,0,0,0,0,0,0,0,0,0,0,0,0,0,0,13.46,10,5.99,2,0,0
230000,15.75,15.71,15.55,0,0,0,0,0,0,0,0,0,0,0,0,0,0,0,13.42,10.05,6.03,29,0,0
231000,15.98,15.75,15.56,0,0,0,0,0,0,0,0,0,0,0,0,0,0,0,13.42,10.05,6.03,8,0,0
232000,15.98,15.75,15.56,0,0,0,0,0,0,0,0,0,0,0,0,0,0,0,13.42,10.05,6.03,2,0,0
233000,16.16,15.79,15.57,0,0,0,0,0,0,0,0,0,0,0,0,0,0,0,13.42,10.05,6.03,10,0,0
234000,16.16,15.79,15.57,0,0,0,0,0,0,0,0,0,0,0,0,0,0,0,13.42,10.05,6.03,31,0,0
235000,16.13,15.8,15.58,0,0,0,0,0,0,0,0,0,0,0,0,0,0,0,13.39,10.1,6.07,31,0,0
236000,16.13,15.8,15.58,0,0,0,0,0,0,0,0,0,0,0,0,0,0,0,13.39,10.1,6.07,29,0,0
237000,15.93,15.77,15.57,0,0,0,0,0,0,0,0,0,0,0,0,0,0,0,13.39,10.1,6.07,14,0,0
238000,15.93,15.77,15.57,0,0,0,0,0,0,0,0,0,0,0,0,0,0,0,13.39,10.1,6.07,2,0,0
239000,16.12,15.81,15.58,0,0,0,0,0,0,0,0,0,0,0,0,0,0,0,13.39,10.1,6.07,11,0,0
240000,16.12,15.81,15.58,0,0,0,0,0,0,0,0,0,0,0,0,0,0,0,12.48,9.97,6.04,28,0,0
241000,15.92,15.79,15.58,0,0,0,0,0,0,0,0,0,0,0,0,0,0,0,12.48,9.97,6.04,29,0,0
242000,15.92,15.79,15.58,0,0,0,0,0,0,0,0,0,0,0,0,0,0,0,12.48,9.97,6.04,18,0,0
243000,16.11,15.83,15.59,0,0,0,0,0,0,0,0,0,0,0,0,0,0,0,12.48,9.97,6.04,14,0,0
244000,16.11,15.83,15.59,0,0,0,0,0,0,0,0,0,0,0,0,0,0,0,12.48,9.97,6.04,10,0,0
245000,16.09,15.83,15.59,0,0,0,0,0,0,0,0,0,0,0,0,0,0,0,12.44,10,6.08,16,0,0
246000,16.09,15.83,15.59,0,0,0,0,0,0,0,0,0,0,0,0,0,0,0,12.44,10,6.08,14,0,0
247000,15.89,15.81,15.59,0,0,0,0,0,0,0,0,0,0,0,0,0,0,0,12.44,10,6.08,36,0,0
248000,15.89,15.81,15.59,0,0,0,0,0,0,0,0,0,0,0,0,0,0,0,12.44,10,6.08,2,0,0
249000,15.73,15.78,15.58,0,0,0,0,0,0,0,0,0,0,0,0,0,0,0,12.44,10,6.08,14,0,0
250000,15.73,15.78,15.58,0,0,0,0,0,0,0,0,0,0,0,0,0,0,0,11.52,9.85,6.05,16,0,0
251000,15.78,15.79,15.58,0,0,0,0,0,0,0,0,0,0,0,0,0,0,0,11.52,9.85,6.05,2,0,0
252000,15.78,15.79,15.58,0,0,0,0,0,0,0,0,0,0,0,0,0,0,0,11.52,9.85,6.05,15,0,0
253000,15.64,15.76,15.58,0,0,0,0,0,0,0,0,0,0,0,0,0,0,0,11.52,9.85,6.05,4,0,0
254000,15.64,15.76,15.58,0,0,0,0,0,0,0,0,0,0,0,0,0,0,0,11.52,9.85,6.05,13,0,0
255000,15.7,15.77,15.58,0,0,0,0,0,0,0,0,0,0,0,0,0,0,0,11.8,9.94,6.1,14,0,0
256000,15.7,15.77,15.58,0,0,0,0,0,0,0,0,0,0,0,0,0,0,0,11.8,9.94,6.1,16,0,0
257000,15.94,15.81,15.59,0,0,0,0,0,0,0,0,0,0,0,0,0,0,0,11.8,9.94,6.1,34,0,0
258000,15.94,15.81,15.59,0,0,0,0,0,0,0,0,0,0,0,0,0,0,0,11.8,9.94,6.1,12,0,0
259000,16.13,15.85,15.6,0,0,0,0,0,0,0,0,0,0,0,0,0,0,0,11.8,9.94,6.1,14,0,0
260000,16.13,15.85,15.6,0,0,0,0,0,0,0,0,0,0,0,0,0,0,0,12.06,10.02,6.14,8,0,0
261000,16.1,15.85,15.61,0,0,0,0,0,0,0,0,0,0,0,0,0,0,0,12.06,10.02,6.14,14,0,0
262000,16.1,15.85,15.61,0,0,0,0,0,0,0,0,0,0,0,0,0,0,0,12.06,10.02,6.14,14,0,0
263000,16.45,15.92,15.62,0,0,0,0,0,0,0,0,0,0,0,0,0,0,0,12.06,10.02,6.14,31,0,0
264000,16.45,15.92,15.62,0,0,0,0,0,0,0,0,0,0,0,0,0,0,0,12.06,10.02,6.14,2,0,0
265000,16.36,15.93,15.62,0,0,0,0,0,0,0,0,0,0,0,0,0,0,0,11.17,9.87,6.12,26,0,0
266000,16.36,15.93,15.62,0,0,0,0,0,0,0,0,0,0,0,0,0,0,0,11.17,9.87,6.12,29,0,0
267000,16.3,15.93,15.63,0,0,0,0,0,0,0,0,0,0,0,0,0,0,0,11.17,9.87,6.12,17,0,0
268000,16.3,15.93,15.63,0,0,0,0,0,0,0,0,0,0,0,0,0,0,0,11.17,9.87,6.12,16,0,0
269000,15.88,15.86,15.62,0,0,0,0,0,0,0,0,0,0,0,0,0,0,0,11.17,9.87,6.12,2,0,0
270000,15.88,15.86,15.62,0,0,0,0,0,0,0,0,0,0,0,0,0,0,0,11.4,9.94,6.16,11,0,0
271000,15.72,15.84,15.61,0,0,0,0,0,0,0,0,0,0,0,0,0,0,0,11.4,9.94,6.16,17,0,0
272000,15.72,15.84,15.61,0,0,0,0,0,0,0,0,0,0,0,0,0,0,0,11.4,9.94,6.16,13,0,0
273000,15.77,15.84,15.62,0,0,0,0,0,0,0,0,0,0,0,0,0,0,0,11.4,9.94,6.16,25,0,0
274000,15.77,15.84,15.62,0,0,0,0,0,0,0,0,0,0,0,0,0,0,0,11.4,9.94,6.16,10,0,0
275000,15.81,15.85,15.62,0,0,0,0,0,0,0,0,0,0,0,0,0,0,0,12.17,10.13,6.24,2,0,0
276000,15.81,15.85,15.62,0,0,0,0,0,0,0,0,0,0,0,0,0,0,0,12.17,10.13,6.24,30,0,0
277000,15.48,15.79,15.61,0,0,0,0,0,0,0,0,0,0,0,0,0,0,0,12.17,10.13,6.24,2,0,0
278000,15.48,15.79,15.61,0,0,0,0,0,0,0,0,0,0,0,0,0,0,0,12.17,10.13,6.24,29,0,0
279000,15.57,15.79,15.61,0,0,0,0,0,0,0,0,0,0,0,0,0,0,0,12.17,10.13,6.24,18,0,0
280000,15.57,15.79,15.61,0,0,0,0,0,0,0,0,0,0,0,0,0,0,0,12.47,10.22,6.29,15,0,0
281000,15.83,15.83,15.62,0,0,0,0,0,0,0,0,0,0,0,0,0,0,0,12.47,10.22,6.29,3,0,0
282000,15.83,15.83,15.62,0,0,0,0,0,0,0,0,0,0,0,0,0,0,0,12.47,10.22,6.29,11,0,0
283000,16.04,15.87,15.63,0,0,0,0,0,0,0,0,0,0,0,0,0,0,0,12.47,10.22,6.29,15,0,0
284000,16.04,15.87,15.63,0,0,0,0,0,0,0,0,0,0,0,0,0,0,0,12.47,10.22,6.29,14,0,0
285000,15.85,15.84,15.62,0,0,0,0,0,0,0,0,0,0,0,0,0,0,0,12.44,10.25,6.32,14,0,0
286000,15.85,15.84,15.62,0,0,0,0,0,0,0,0,0,0,0,0,0,0,0,12.44,10.25,6.32,26,0,0
287000,15.88,15.85,15.63,0,0,0,0,0,0,0,0,0,0,0,0,0,0,0,12.44,10.25,6.32,3,0,0
288000,15.88,15.85,15.63,0,0,0,0,0,0,0,0,0,0,0,0,0,0,0,12.44,10.25,6.32,15,0,0
289000,15.9,15.85,15.63,0,0,0,0,0,0,0,0,0,0,0,0,0,0,0,12.44,10.25,6.32,2,0,0
290000,15.9,15.85,15.63,0,0,0,0,0,0,0,0,0,0,0,0,0,0,0,12.48,10.3,6.36,13,0,0
291000,15.92,15.86,15.63,0,0,0,0,0,0,0,0,0,0,0,0,0,0,0,12.48,10.3,6.36,13,0,0
292000,15.92,15.86,15.63,0,0,0,0,0,0,0,0,0,0,0,0,0,0,0,12.48,10.3,6.36,2,0,0
293000,15.93,15.86,15.64,0,0,0,0,0,0,0,0,0,0,0,0,0,0,0,12.48,10.3,6.36,14,0,0
294000,15.93,15.86,15.64,0,0,0,0,0,0,0,0,0,0,0,0,0,0,0,12.48,10.3,6.36,17,0,0
295000,15.94,15.87,15.64,0,0,0,0,0,0,0,0,0,0,0,0,0,0,0,11.56,10.14,6.33,15,0,0
296000,15.94,15.87,15.64,0,0,0,0,0,0,0,0,0,0,0,0,0,0,0,11.56,10.14,6.33,10,0,0
297000,15.77,15.84,15.63,0,0,0,0,0,0,0,0,0,0,0,0,0,0,0,11.56,10.14,6.33,2,0,0
298000,15.77,15.84,15.63,0,0,0,0,0,0,0,0,0,0,0,0,0,0,0,11.56,10.14,6.33,4,0,0
299000,15.63,15.81,15.63,0,0,0,0,0,0,0,0,0,0,0,0,0,0,0,11.56,10.14,6.33,8,0,0
300000,15.63,15.81,15.63,0,0,0,0,0,0,0,0,0,0,0,0,0,0,0,10.72,9.99,6.3,36,0,0
301000,15.88,15.85,15.64,0,0,0,0,0,0,0,0,0,0,0,0,0,0,0,10.72,9.99,6.3,14,0,0
302000,15.88,15.85,15.64,0,0,0,0,0,0,0,0,0,0,0,0,0,0,0,10.72,9.99,6.3,12,0,0
303000,15.9,15.85,15.64,0,0,0,0,0,0,0,0,0,0,0,0,0,0,0,10.72,9.99,6.3,17,0,0
304000,15.9,15.85,15.64,0,0,0,0,0,0,0,0,0,0,0,0,0,0,0,10.72,9.99,6.3,37,0,0
305000,15.92,15.86,15.64,0,0,0,0,0,0,0,0,0,0,0,0,0,0,0,10.9,10.04,6.34,2,0,0
306000,15.92,15.86,15.64,0,0,0,0,0,0,0,0,0,0,0,0,0,0,0,10.9,10.04,6.34,14,0,0
307000,15.93,15.86,15.65,0,0,0,0,0,0,0,0,0,0,0,0,0,0,0,10.9,10.04,6.34,35,0,0
308000,15.93,15.86,15.65,0,0,0,0,0,0,0,0,0,0,0,0,0,0,0,10.9,10.04,6.34,29,0,0
309000,16.12,15.9,15.66,0,0,0,0,0,0,0,0,0,0,0,0,0,0,0,10.9,10.04,6.34,24,0,0
310000,16.12,15.9,15.66,0,0,0,0,0,0,0,0,0,0,0,0,0,0,0,10.75,10.03,6.35,7,0,0
311000,15.92,15.87,15.65,0,0,0,0,0,0,0,0,0,0,0,0,0,0,0,10.75,10.03,6.35,16,0,0
312000,15.92,15.87,15.65,0,0,0,0,0,0,0,0,0,0,0,0,0,0,0,10.75,10.03,6.35,23,0,0
313000,15.93,15.87,15.65,0,0,0,0,0,0,0,0,0,0,0,0,0,0,0,10.75,10.03,6.35,28,0,0
314000,15.93,15.87,15.65,0,0,0,0,0,0,0,0,0,0,0,0,0,0,0,10.75,10.03,6.35,11,0,0
315000,15.94,15.88,15.66,0,0,0,0,0,0,0,0,0,0,0,0,0,0,0,10.21,9.93,6.34,28,0,0
316000,15.94,15.88,15.66,0,0,0,0,0,0,0,0,0,0,0,0,0,0,0,10.21,9.93,6.34,2,0,0
317000,15.77,15.85,15.65,0,0,0,0,0,0,0,0,0,0,0,0,0,0,0,10.21,9.93,6.34,3,0,0
318000,15.77,15.85,15.65,0,0,0,0,0,0,0,0,0,0,0,0,0,0,0,10.21,9.93,6.34,27,0,0
319000,15.63,15.82,15.65,0,0,0,0,0,0,0,0,0,0,0,0,0,0,0,10.21,9.93,6.34,14,0,0
320000,15.63,15.82,15.65,0,0,0,0,0,0,0,0,0,0,0,0,0,0,0,10.59,10.01,6.39,11,0,0
321000,15.88,15.86,15.66,0,0,0,0,0,0,0,0,0,0,0,0,0,0,0,10.59,10.01,6.39,17,0,0
322000,15.88,15.86,15.66,0,0,0,0,0,0,0,0,0,0,0,0,0,0,0,10.59,10.01,6.39,28,0,0
323000,16.26,15.93,15.67,0,0,0,0,0,0,0,0,0,0,0,0,0,0,0,10.59,10.01,6.39,12,0,0
324000,16.26,15.93,15.67,0,0,0,0,0,0,0,0,0,0,0,0,0,0,0,10.59,10.01,6.39,15,0,0
325000,16.21,15.93,15.67,0,0,0,0,0,0,0,0,0,0,0,0,0,0,0,11.1,10.13,6.44,14,0,0
326000,16.21,15.93,15.67,0,0,0,0,0,0,0,0,0,0,0,0,0,0,0,11.1,10.13,6.44,9,0,0
327000,16.17,15.93,15.68,0,0,0,0,0,0,0,0,0,0,0,0,0,0,0,11.1,10.13,6.44,2,0,0
328000,16.17,15.93,15.68,0,0,0,0,0,0,0,0,0,0,0,0,0,0,0,11.1,10.13,6.44,10,0,0
329000,16.14,15.94,15.68,0,0,0,0,0,0,0,0,0,0,0,0,0,0,0,11.1,10.13,6.44,14,0,0
330000,16.14,15.94,15.68,0,0,0,0,0,0,0,0,0,0,0,0,0,0,0,11.18,10.16,6.47,14,0,0
331000,16.11,15.94,15.68,0,0,0,0,0,0,0,0,0,0,0,0,0,0,0,11.18,10.16,6.47,2,0,0
332000,16.11,15.94,15.68,0,0,0,0,0,0,0,0,0,0,0,0,0,0,0,11.18,10.16,6.47,2,0,0
333000,16.09,15.94,15.68,0,0,0,0,0,0,0,0,0,0,0,0,0,0,0,11.18,10.16,6.47,2,0,0
334000,16.09,15.94,15.68,0,0,0,0,0,0,0,0,0,0,0,0,0,0,0,11.18,10.16,6.47,14,0,0
335000,16.07,15.94,15.69,0,0,0,0,0,0,0,0,0,0,0,0,0,0,0,10.44,10.02,6.45,2,0,0
336000,16.07,15.94,15.69,0,0,0,0,0,0,0,0,0,0,0,0,0,0,0,10.44,10.02,6.45,14,0,0
337000,15.88,15.91,15.68,0,0,0,0,0,0,0,0,0,0,0,0,0,0,0,10.44,10.02,6.45,27,0,0
338000,15.88,15.91,15.68,0,0,0,0,0,0,0,0,0,0,0,0,0,0,0,10.44,10.02,6.45,10,0,0
339000,16.08,15.95,15.69,0,0,0,0,0,0,0,0,0,0,0,0,0,0,0,10.44,10.02,6.45,14,0,0
340000,16.08,15.95,15.69,0,0,0,0,0,0,0,0,0,0,0,0,0,0,0,10.65,10.07,6.48,3,0,0
341000,16.07,15.95,15.69,0,0,0,0,0,0,0,0,0,0,0,0,0,0,0,10.65,10.07,6.48,16,0,0
342000,16.07,15.95,15.69,0,0,0,0,0,0,0,0,0,0,0,0,0,0,0,10.65,10.07,6.48,7,0,0
343000,16.05,15.95,15.7,0,0,0,0,0,0,0,0,0,0,0,0,0,0,0,10.65,10.07,6.48,32,0,0
344000,16.05,15.95,15.7,0,0,0,0,0,0,0,0,0,0,0,0,0,0,0,10.65,10.07,6.48,29,0,0
345000,16.04,15.95,15.7,0,0,0,0,0,0,0,0,0,0,0,0,0,0,0,10.83,10.12,6.52,28,0,0
346000,16.04,15.95,15.7,0,0,0,0,0,0,0,0,0,0,0,0,0,0,0,10.83,10.12,6.52,10,0,0
347000,16.03,15.95,15.7,0,0,0,0,0,0,0,0,0,0,0,0,0,0,0,10.83,10.12,6.52,29,0,0
348000,16.03,15.95,15.7,0,0,0,0,0,0,0,0,0,0,0,0,0,0,0,10.83,10.12,6.52,18,0,0
349000,15.84,15.92,15.7,0,0,0,0,0,0,0,0,0,0,0,0,0,0,0,10.83,10.12,6.52,32,0,0
350000,15.84,15.92,15.7,0,0,0,0,0,0,0,0,0,0,0,0,0,0,0,11.17,10.2,6.57,34,0,0
351000,15.87,15.93,15.7,0,0,0,0,0,0,0,0,0,0,0,0,0,0,0,11.17,10.2,6.57,17,0,0
352000,15.87,15.93,15.7,0,0,0,0,0,0,0,0,0,0,0,0,0,0,0,11.17,10.2,6.57,8,0,0
353000,16.08,15.96,15.71,0,0,0,0,0,0,0,0,0,0,0,0,0,0,0,11.17,10.2,6.57,2,0,0
354000,16.08,15.96,15.71,0,0,0,0,0,0,0,0,0,0,0,0,0,0,0,11.17,10.2,6.57,16,0,0
355000,15.88,15.93,15.7,0,0,0,0,0,0,0,0,0,0,0,0,0,0,0,10.83,10.15,6.57,18,0,0
356000,15.88,15.93,15.7,0,0,0,0,0,0,0,0,0,0,0,0,0,0,0,10.83,10.15,6.57,15,0,0
357000,16.26,16,15.72,0,0,0,0,0,0,0,0,0,0,0,0,0,0,0,10.83,10.15,6.57,8,0,0
358000,16.26,16,15.72,0,0,0,0,0,0,0,0,0,0,0,0,0,0,0,10.83,10.15,6.57,8,0,0
359000,16.58,16.06,15.73,0,0,0,0,0,0,0,0,0,0,0,0,0,0,0,10.83,10.15,6.57,8,0,0
360000,16.58,16.06,15.73,0,0,0,0,0,0,0,0,0,0,0,0,0,0,0,11.17,10.23,6.61,13,0,0
361000,16.47,16.06,15.74,0,0,0,0,0,0,0,0,0,0,0,0,0,0,0,11.17,10.23,6.61,29,0,0
362000,16.47,16.06,15.74,0,0,0,0,0,0,0,0,0,0,0,0,0,0,0,11.17,10.23,6.61,2,0,0
363000,16.57,16.09,15.75,0,0,0,0,0,0,0,0,0,0,0,0,0,0,0,11.17,10.23,6.61,7,0,0
364000,16.57,16.09,15.75,0,0,0,0,0,0,0,0,0,0,0,0,0,0,0,11.17,10.23,6.61,2,0,0
365000,16.46,16.09,15.75,0,0,0,0,0,0,0,0,0,0,0,0,0,0,0,11.4,10.29,6.65,2,0,0
366000,16.46,16.09,15.75,0,0,0,0,0,0,0,0,0,0,0,0,0,0,0,11.4,10.29,6.65,27,0,0
367000,16.74,16.15,15.76,0,0,0,0,0,0,0,0,0,0,0,0,0,0,0,11.4,10.29,6.65,31,0,0
368000,16.74,16.15,15.76,0,0,0,0,0,0,0,0,0,0,0,0,0,0,0,11.4,10.29,6.65,29,0,0
369000,18.42,16.47,15.83,0,0,0,0.18,0.03,0,0,0,0,0,0,0,0,0,0,11.4,10.29,6.65,15,0,0
370000,18.42,16.47,15.83,0,0,0,0.18,0.03,0,0,0,0,0,0,0,0,0,0,11.6,10.35,6.69,20,0,0
371000,18.88,16.62,15.87,0,0,0,0.14,0.03,0,0,0,0,0,0,0,0,0,0,11.6,10.35,6.69,29,0,0
372000,18.88,16.62,15.87,0,0,0,0.14,0.03,0,0,0,0,0,0,0,0,0,0,11.6,10.35,6.69,4,0,0
373000,18.72,16.67,15.88,0,0,0,0.12,0.02,0,0,0,0,0,0,0,0,0,0,11.6,10.35,6.69,11,0,0
374000,18.72,16.67,15.88,0,0,0,0.12,0.02,0,0,0,0,0,0,0,0,0,0,11.6,10.35,6.69,10,0,0
375000,18.95,16.77,15.91,0,0,0,0.09,0.02,0,0,0,0,0,0,0,0,0,0,10.84,10.21,6.67,16,0,0
376000,18.95,16.77,15.91,0,0,0,0.09,0.02,0,0,0,0,0,0,0,0,0,0,10.84,10.21,6.67,5,0,0
377000,19.5,16.95,15.95,0,0,0,0.08,0.02,0,0,0,0,0,0,0,0,0,0,10.84,10.21,6.67,17,0,0
378000,19.5,16.95,15.95,0,0,0,0.08,0.02,0,0,0,0,0,0,0,0,0,0,10.84,10.21,6.67,2,0,0
379000,19.41,17.01,15.97,0,0,0,0.06,0.02,0,0,0,0,0,0,0,0,0,0,10.84,10.21,6.67,22,0,0
380000,19.41,17.01,15.97,0,0,0,0.06,0.02,0,0,0,0,0,0,0,0,0,0,12.37,10.54,6.79,10,0,0
381000,19.7,17.14,16.01,0,0,0,0.05,0.02,0,0,0,0,0,0,0,0,0,0,12.37,10.54,6.79,16,0,0
382000,19.7,17.14,16.01,0,0,0,0.05,0.02,0,0,0,0,0,0,0,0,0,0,12.37,10.54,6.79,30,0,0
383000,19.57,17.2,16.03,0,0,0,0.04,0.02,0,0,0,0,0,0,0,0,0,0,12.37,10.54,6.79,3,0,0
384000,19.57,17.2,16.03,0,0,0,0.04,0.02,0,0,0,0,0,0,0,0,0,0,11.46,10.38,6.76,11,0,0
385000,18.92,17.16,16.03,0,0,0,0.03,0.02,0,0,0,0,0,0,0,0,0,0,11.46,10.38,6.76,14,0,0
386000,18.92,17.16,16.03,0,0,0,0.03,0.02,0,0,0,0,0,0,0,0,0,0,11.46,10.38,6.76,16,0,0
387000,18.57,17.16,16.04,0,0,0,0.02,0.02,0,0,0,0,0,0,0,0,0,0,11.46,10.38,6.76,28,0,0
388000,18.57,17.16,16.04,0,0,0,0.02,0.02,0,0,0,0,0,0,0,0,0,0,11.46,10.38,6.76,10,0,0
389000,18.11,17.12,16.04,0,0,0,0.02,0.02,0,0,0,0,0,0,0,0,0,0,11.9,10.49,6.82,18,0,0
390000,18.11,17.12,16.04,0,0,0,0.02,0.02,0,0,0,0,0,0,0,0,0,0,11.9,10.49,6.82,24,0,0
391000,17.9,17.12,16.04,0,0,0,0.01,0.02,0,0,0,0,0,0,0,0,0,0,11.9,10.49,6.82,2,0,0
392000,17.9,17.12,16.04,0,0,0,0.01,0.02,0,0,0,0,0,0,0,0,0,0,11.9,10.49,6.82,17,0,0
393000,17.56,17.08,16.04,0,0,0,0.01,0.02,0,0,0,0,0,0,0,0,0,0,11.9,10.49,6.82,2,0,0
394000,17.56,17.08,16.04,0,0,0,0.01,0.02,0,0,0,0,0,0,0,0,0,0,11.91,10.52,6.85,8,0,0
395000,17.46,17.08,16.05,0,0,0,0.01,0.01,0,0,0,0,0,0,0,0,0,0,11.91,10.52,6.85,4,0,0
396000,17.46,17.08,16.05,0,0,0,0.01,0.01,0,0,0,0,0,0,0,0,0,0,11.91,10.52,6.85,13,0,0
397000,17.37,17.07,16.06,0,0,0,0,0.01,0,0,0,0,0,0,0,0,0,0,11.91,10.52,6.85,28,0,0
398000,17.37,17.07,16.06,0,0,0,0,0.01,0,0,0,0,0,0,0,0,0,0,11.91,10.52,6.85,6,0,0
399000,17.12,17.04,16.06,0,0,0,0,0.01,0,0,0,0,0,0,0,0,0,0,11.92,10.54,6.87,2,0,0
400000,17.12,17.04,16.06,0,0,0,0,0.01,0,0,0,0,0,0,0,0,0,0,11.92,10.54,6.87,3,1,0
401000,16.92,17,16.06,0,0,0,0,0.01,0,0,0,0,0,0,0,0,0,0,11.92,10.54,6.87,16,0,0
402000,16.92,17,16.06,0,0,0,0,0.01,0,0,0,0,0,0,0,0,0,0,11.92,10.54,6.87,3,0,0
403000,16.93,17,16.06,0,0,0,0,0.01,0,0,0,0,0,0,0,0,0,0,11.92,10.54,6.87,11,0,0
404000,16.93,17,16.06,0,0,0,0,0.01,0,0,0,0,0,0,0,0,0,0,11.12,10.4,6.85,11,0,0
405000,16.76,16.97,16.06,0,0,0,0,0.01,0,0,0,0,0,0,0,0,0,0,11.12,10.4,6.85,24,0,0
406000,16.76,16.97,16.06,0,0,0,0,0.01,0,0,0,0,0,0,0,0,0,0,11.12,10.4,6.85,3,0,0
407000,16.44,16.9,16.05,0,0,0,0,0.01,0,0,0,0,0,0,0,0,0,0,11.12,10.4,6.85,3,0,0
408000,16.44,16.9,16.05,0,0,0,0,0.01,0,0,0,0,0,0,0,0,0,0,11.12,10.4,6.85,27,0,0
409000,16.18,16.84,16.05,0,0,0,0,0.01,0,0,0,0,0,0,0,0,0,0,11.19,10.43,6.87,4,0,0
410000,16.18,16.84,16.05,0,0,0,0,0.01,0,0,0,0,0,0,0,0,0,0,11.19,10.43,6.87,2,0,0
411000,16.33,16.85,16.05,0,0,0,0,0.01,0,0,0,0,0,0,0,0,0,0,11.19,10.43,6.87,18,0,0
412000,16.33,16.85,16.05,0,0,0,0,0.01,0,0,0,0,0,0,0,0,0,0,11.19,10.43,6.87,14,0,0
413000,16.45,16.85,16.06,0,0,0,0,0.01,0,0,0,0,0,0,0,0,0,0,11.19,10.43,6.87,15,0,0
414000,16.45,16.85,16.06,0,0,0,0,0.01,0,0,0,0,0,0,0,0,0,0,11.58,10.52,6.92,14,0,0
415000,16.18,16.79,16.05,0,0,0,0,0.01,0,0,0,0,0,0,0,0,0,0,11.58,10.52,6.92,10,0,0
416000,16.18,16.79,16.05,0,0,0,0,0.01,0,0,0,0,0,0,0,0,0,0,11.58,10.52,6.92,10,0,0
417000,16.15,16.77,16.05,0,0,0,0,0.01,0,0,0,0,0,0,0,0,0,0,11.58,10.52,6.92,2,0,0
418000,16.15,16.77,16.05,0,0,0,0,0.01,0,0,0,0,0,0,0,0,0,0,11.58,10.52,6.92,2,0,0
419000,15.94,16.71,16.05,0,0,0,0,0.01,0,0,0,0,0,0,0,0,0,0,11.69,10.56,6.96,6,0,0
420000,15.94,16.71,16.05,0,0,0,0,0.01,0,0,0,0,0,0,0,0,0,0,11.69,10.56,6.96,18,0,0
421000,15.95,16.68,16.04,0,0,0,0,0.01,0,0,0,0,0,0,0,0,0,0,11.69,10.56,6.96,12,0,0
422000,15.95,16.68,16.04,0,0,0,0,0.01,0,0,0,0,0,0,0,0,0,0,11.69,10.56,6.96,11,0,0
423000,16.14,16.69,16.05,0,0,0,0,0,0,0,0,0,0,0,0,0,0,0,11.69,10.56,6.96,31,0,0
424000,16.14,16.69,16.05,0,0,0,0,0,0,0,0,0,0,0,0,0,0,0,11.72,10.59,6.98,8,0,0
425000,16.11,16.67,16.05,0,0,0,0,0,0,0,0,0,0,0,0,0,0,0,11.72,10.59,6.98,15,0,0
426000,16.11,16.67,16.05,0,0,0,0,0,0,0,0,0,0,0,0,0,0,0,11.72,10.59,6.98,8,0,0
427000,16.09,16.65,16.05,0,0,0,0,0,0,0,0,0,0,0,0,0,0,0,11.72,10.59,6.98,4,0,0
428000,16.09,16.65,16.05,0,0,0,0,0,0,0,0,0,0,0,0,0,0,0,11.72,10.59,6.98,13,0,0
429000,16.26,16.66,16.06,0,0,0,0,0,0,0,0,0,0,0,0,0,0,0,11.82,10.63,7.02,2,0,0
430000,16.26,16.66,16.06,0,0,0,0,0,0,0,0,0,0,0,0,0,0,0,11.82,10.63,7.02,16,0,0
431000,16.39,16.67,16.06,0,0,0,0,0,0,0,0,0,0,0,0,0,0,0,11.82,10.63,7.02,28,0,0
432000,16.39,16.67,16.06,0,0,0,0,0,0,0,0,0,0,0,0,0,0,0,11.82,10.63,7.02,14,0,0
433000,16.32,16.65,16.06,0,0,0,0,0,0,0,0,0,0,0,0,0,0,0,11.82,10.63,7.02,10,0,0
434000,16.32,16.65,16.06,0,0,0,0,0,0,0,0,0,0,0,0,0,0,0,11.92,10.67,7.05,8,0,0
435000,16.08,16.59,16.06,0,0,0,0,0,0,0,0,0,0,0,0,0,0,0,11.92,10.67,7.05,15,0,0
436000,16.08,16.59,16.06,0,0,0,0,0,0,0,0,0,0,0,0,0,0,0,11.92,10.67,7.05,10,0,0
437000,16.06,16.57,16.06,0,0,0,0,0,0,0,0,0,0,0,0,0,0,0,11.92,10.67,7.05,4,0,0
438000,16.06,16.57,16.06,0,0,0,0,0,0,0,0,0,0,0,0,0,0,0,11.92,10.67,7.05,17,0,0
439000,16.05,16.56,16.06,0,0,0,0,0,0,0,0,0,0,0,0,0,0,0,12.08,10.72,7.09,26,0,0
440000,16.05,16.56,16.06,0,0,0,0,0,0,0,0,0,0,0,0,0,0,0,12.08,10.72,7.09,2,0,0
441000,16.04,16.54,16.06,0,0,0,0,0,0,0,0,0,0,0,0,0,0,0,12.08,10.72,7.09,12,0,0
442000,16.04,16.54,16.06,0,0,0,0,0,0,0,0,0,0,0,0,0,0,0,12.08,10.72,7.09,28,0,0
443000,16.03,16.52,16.05,0,0,0,0,0,0,0,0,0,0,0,0,0,0,0,12.08,10.72,7.09,8,0,0
444000,16.03,16.52,16.05,0,0,0,0,0,0,0,0,0,0,0,0,0,0,0,12.32,10.79,7.13,27,0,0
445000,15.84,16.47,16.05,0,0,0,0,0,0,0,0,0,0,0,0,0,0,0,12.32,10.79,7.13,11,0,0
446000,15.84,16.47,16.05,0,0,0,0,0,0,0,0,0,0,0,0,0,0,0,12.32,10.79,7.13,9,0,0
447000,15.87,16.45,16.05,0,0,0,0,0,0,0,0,0,0,0,0,0,0,0,12.32,10.79,7.13,10,0,0
448000,15.87,16.45,16.05,0,0,0,0,0,0,0,0,0,0,0,0,0,0,0,12.32,10.79,7.13,11,0,0
449000,15.71,16.41,16.04,0,0,0,0,0,0,0,0,0,0,0,0,0,0,0,11.41,10.63,7.1,2,0,0
450000,15.71,16.41,16.04,0,0,0,0,0,0,0,0,0,0,0,0,0,0,0,11.41,10.63,7.1,32,0,0
451000,15.58,16.36,16.03,0,0,0,0,0,0,0,0,0,0,0,0,0,0,0,11.41,10.63,7.1,8,0,0
452000,15.58,16.36,16.03,0,0,0,0,0,0,0,0,0,0,0,0,0,0,0,11.41,10.63,7.1,2,0,0
453000,15.48,16.31,16.02,0,0,0,0,0,0,0,0,0,0,0,0,0,0,0,11.41,10.63,7.1,3,0,0
454000,15.48,16.31,16.02,0,0,0,0,0,0,0,0,0,0,0,0,0,0,0,10.58,10.47,7.06,4,0,0
455000,15.39,16.27,16.02,0,0,0,0,0,0,0,0,0,0,0,0,0,0,0,10.58,10.47,7.06,4,0,0
456000,15.39,16.27,16.02,0,0,0,0,0,0,0,0,0,0,0,0,0,0,0,10.58,10.47,7.06,31,0,0
457000,15.68,16.29,16.02,0,0,0,0,0,0,0,0,0,0,0,0,0,0,0,10.58,10.47,7.06,16,0,0
458000,15.68,16.29,16.02,0,0,0,0,0,0,0,0,0,0,0,0,0,0,0,10.58,10.47,7.06,20,0,0
459000,15.56,16.25,16.02,0,0,0,0,0,0,0,0,0,0,0,0,0,0,0,12.21,10.81,7.19,26,0,0
460000,15.56,16.25,16.02,0,0,0,0,0,0,0,0,0,0,0,0,0,0,0,12.21,10.81,7.19,2,0,0
461000,15.64,16.24,16.02,0,0,0,0,0,0,0,0,0,0,0,0,0,0,0,12.21,10.81,7.19,2,0,0
462000,15.64,16.24,16.02,0,0,0,0,0,0,0,0,0,0,0,0,0,0,0,12.21,10.81,7.19,3,0,0
463000,15.7,16.23,16.02,0,0,0,0,0,0,0,0,0,0,0,0,0,0,0,12.21,10.81,7.19,32,0,0
464000,15.7,16.23,16.02,0,0,0,0,0,0,0,0,0,0,0,0,0,0,0,12.36,10.87,7.23,9,0,0
465000,15.57,16.19,16.01,0,0,0,0,0,0,0,0,0,0,0,0,0,0,0,12.36,10.87,7.23,6,0,0
466000,15.57,16.19,16.01,0,0,0,0,0,0,0,0,0,0,0,0,0,0,0,12.36,10.87,7.23,28,0,0
467000,15.47,16.15,16,0,0,0,0,0,0,0,0,0,0,0,0,0,0,0,12.36,10.87,7.23,2,0,0
468000,15.47,16.15,16,0,0,0,0,0,0,0,0,0,0,0,0,0,0,0,12.36,10.87,7.23,15,0,0
469000,15.75,16.18,16.01,0,0,0,0,0,0,0,0,0,0,0,0,0,0,0,12.49,10.92,7.27,15,0,0
470000,15.75,16.18,16.01,0,0,0,0,0,0,0,0,0,0,0,0,0,0,0,12.49,10.92,7.27,29,0,0
471000,15.79,16.18,16.01,0,0,0,0,0,0,0,0,0,0,0,0,0,0,0,12.49,10.92,7.27,3,0,0
472000,15.79,16.18,16.01,0,0,0,0,0,0,0,0,0,0,0,0,0,0,0,12.49,10.92,7.27,10,0,0
473000,15.83,16.17,16.01,0,0,0,0,0,0,0,0,0,0,0,0,0,0,0,12.49,10.92,7.27,31,0,0
474000,15.83,16.17,16.01,0,0,0,0,0,0,0,0,0,0,0,0,0,0,0,12.05,10.85,7.26,2,0,0
475000,15.86,16.16,16.01,0,0,0,0,0,0,0,0,0,0,0,0,0,0,0,12.05,10.85,7.26,3,0,0
476000,15.86,16.16,16.01,0,0,0,0,0,0,0,0,0,0,0,0,0,0,0,12.05,10.85,7.26,28,0,0
477000,15.88,16.16,16.01,0,0,0,0,0,0,0,0,0,0,0,0,0,0,0,12.05,10.85,7.26,29,0,0
478000,15.88,16.16,16.01,0,0,0,0,0,0,0,0,0,0,0,0,0,0,0,12.05,10.85,7.26,27,0,0
479000,16.08,16.18,16.01,0,0,0,0,0,0,0,0,0,0,0,0,0,0,0,12.04,10.87,7.29,17,0,0
480000,16.08,16.18,16.01,0,0,0,0,0,0,0,0,0,0,0,0,0,0,0,12.04,10.87,7.29,2,0,0
481000,16.07,16.18,16.01,0,0,0,0,0,0,0,0,0,0,0,0,0,0,0,12.04,10.87,7.29,14,0,0
482000,16.07,16.18,16.01,0,0,0,0,0,0,0,0,0,0,0,0,0,0,0,12.04,10.87,7.29,28,0,0
483000,15.69,16.11,16,0,0,0,0,0,0,0,0,0,0,0,0,0,0,0,12.04,10.87,7.29,15,0,0
484000,15.69,16.11,16,0,0,0,0,0,0,0,0,0,0,0,0,0,0,0,12.12,10.91,7.32,9,0,0
485000,15.38,16.04,15.98,0,0,0,0,0,0,0,0,0,0,0,0,0,0,0,12.12,10.91,7.32,11,0,0
486000,15.38,16.04,15.98,0,0,0,0,0,0,0,0,0,0,0,0,0,0,0,12.12,10.91,7.32,17,0,0
487000,15.31,16,15.98,0,0,0,0,0,0,0,0,0,0,0,0,0,0,0,12.12,10.91,7.32,26,0,0
488000,15.31,16,15.98,0,0,0,0,0,0,0,0,0,0,0,0,0,0,0,12.12,10.91,7.32,3,0,0
489000,15.44,16,15.98,0,0,0,0,0,0,0,0,0,0,0,0,0,0,0,13.15,11.14,7.42,34,0,0
490000,15.44,16,15.98,0,0,0,0,0,0,0,0,0,0,0,0,0,0,0,13.15,11.14,7.42,2,0,0
491000,15.36,15.97,15.97,0,0,0,0,0,0,0,0,0,0,0,0,0,0,0,13.15,11.14,7.42,29,0,0
492000,15.36,15.97,15.97,0,0,0,0,0,0,0,0,0,0,0,0,0,0,0,13.15,11.14,7.42,29,0,0
493000,15.47,15.97,15.97,0,0,0,0,0,0,0,0,0,0,0,0,0,0,0,13.15,11.14,7.42,9,0,0
494000,15.47,15.97,15.97,0,0,0,0,0,0,0,0,0,0,0,0,0,0,0,13.7,11.29,7.48,3,0,0
495000,15.75,16,15.98,0,0,0,0,0,0,0,0,0,0,0,0,0,0,0,13.7,11.29,7.48,2,0,0
496000,15.75,16,15.98,0,0,0,0,0,0,0,0,0,0,0,0,0,0,0,13.7,11.29,7.48,4,0,0
497000,15.61,15.97,15.97,0,0,0,0,0,0,0,0,0,0,0,0,0,0,0,13.7,11.29,7.48,11,0,0
498000,15.61,15.97,15.97,0,0,0,0,0,0,0,0,0,0,0,0,0,0,0,13.7,11.29,7.48,9,0,0
499000,15.68,15.97,15.97,0,0,0,0,0,0,0,0,0,0,0,0,0,0,0,13.81,11.35,7.52,2,0,0
500000,15.68,15.97,15.97,0,0,0,0,0,0,0,0,0,0,0,0,0,0,0,13.81,11.35,7.52,2,0,0
501000,16.1,16.04,15.99,0,0,0,0,0,0,0,0,0,0,0,0,0,0,0,13.81,11.35,7.52,13,0,0
502000,16.1,16.04,15.99,0,0,0,0,0,0,0,0,0,0,0,0,0,0,0,13.81,11.35,7.52,3,0,0
503000,16.26,16.07,15.99,0,0,0,0,0,0,0,0,0,0,0,0,0,0,0,13.81,11.35,7.52,9,0,0
504000,16.26,16.07,15.99,0,0,0,0,0,0,0,0,0,0,0,0,0,0,0,13.74,11.38,7.55,29,0,0
505000,16.03,16.03,15.99,0,0,0,0,0,0,0,0,0,0,0,0,0,0,0,13.74,11.38,7.55,31,0,0
506000,16.03,16.03,15.99,0,0,0,0,0,0,0,0,0,0,0,0,0,0,0,13.74,11.38,7.55,27,0,0
507000,16.03,16.03,15.99,0,0,0,0,0,0,0,0,0,0,0,0,0,0,0,13.74,11.38,7.55,2,0,0
508000,16.03,16.03,15.99,0,0,0,0,0,0,0,0,0,0,0,0,0,0,0,13.74,11.38,7.55,4,0,0
509000,16.02,16.03,15.99,0,0,0,0,0,0,0,0,0,0,0,0,0,0,0,13.6,11.39,7.58,4,0,0
510000,16.02,16.03,15.99,0,0,0,0,0,0,0,0,0,0,0,0,0,0,0,13.6,11.39,7.58,28,0,0
511000,15.83,16,15.98,0,0,0,0,0,0,0,0,0,0,0,0,0,0,0,13.6,11.39,7.58,18,0,0
512000,15.83,16,15.98,0,0,0,0,0,0,0,0,0,0,0,0,0,0,0,13.6,11.39,7.58,11,0,0
513000,16.04,16.03,15.99,0,0,0,0,0,0,0,0,0,0,0,0,0,0,0,13.6,11.39,7.58,2,0,0
514000,16.04,16.03,15.99,0,0,0,0,0,0,0,0,0,0,0,0,0,0,0,13.71,11.45,7.62,14,0,0
515000,16.22,16.06,16,0,0,0,0,0,0,0,0,0,0,0,0,0,0,0,13.71,11.45,7.62,3,0,0
516000,16.22,16.06,16,0,0,0,0,0,0,0,0,0,0,0,0,0,0,0,13.71,11.45,7.62,32,0,0
517000,16.54,16.13,16.01,0,0,0,0,0,0,0,0,0,0,0,0,0,0,0,13.71,11.45,7.62,22,0,0
518000,16.62,16.15,16.02,0,0,0,0,0,0,0,0,0,0,0,0,0,0,0,13.71,11.45,7.62,27,0,0
519000,16.62,16.15,16.02,0,0,0,0,0,0,0,0,0,0,0,0,0,0,0,12.78,11.29,7.59,10,0,0
520000,16.69,16.18,16.02,0,0,0,0,0,0,0,0,0,0,0,0,0,0,0,12.78,11.29,7.59,10,0,0
521000,16.69,16.18,16.02,0,0,0,0,0,0,0,0,0,0,0,0,0,0,0,12.78,11.29,7.59,17,0,0
522000,17.11,16.27,16.04,0,0,0,0,0,0,0,0,0,0,0,0,0,0,0,12.78,11.29,7.59,34,0,0
523000,17.11,16.27,16.04,0,0,0,0,0,0,0,0,0,0,0,0,0,0,0,12.78,11.29,7.59,17,0,0
524000,17.45,16.36,16.06,0,0,0,0,0,0,0,0,0,0,0,0,0,0,0,12.15,11.19,7.57,2,0,0
525000,17.45,16.36,16.06,0,0,0,0,0,0,0,0,0,0,0,0,0,0,0,12.15,11.19,7.57,29,0,0
526000,17.73,16.45,16.08,0,0,0,0,0,0,0,0,0,0,0,0,0,0,0,12.15,11.19,7.57,4,0,0
527000,17.73,16.45,16.08,0,0,0,0,0,0,0,0,0,0,0,0,0,0,0,12.15,11.19,7.57,34,0,0
528000,17.96,16.53,16.1,0,0,0,0,0,0,0,0,0,0,0,0,0,0,0,12.15,11.19,7.57,19,0,0
529000,17.96,16.53,16.1,0,0,0,0,0,0,0,0,0,0,0,0,0,0,0,12.78,11.33,7.64,2,0,0
530000,17.79,16.55,16.11,0,0,0,0,0,0,0,0,0,0,0,0,0,0,0,12.78,11.33,7.64,19,0,0
531000,17.79,16.55,16.11,0,0,0,0,0,0,0,0,0,0,0,0,0,0,0,12.78,11.33,7.64,32,0,0
532000,18.37,16.69,16.14,0,0,0,0,0,0,0,0,0,0,0,0,0,0,0,12.78,11.33,7.64,23,0,0
533000,18.37,16.69,16.14,0,0,0,0,0,0,0,0,0,0,0,0,0,0,0,12.78,11.33,7.64,21,0,0
534000,18.84,16.84,16.18,0,0,0,0,0,0,0,0,0,0,0,0,0,0,0,12.72,11.35,7.66,23,0,0
535000,18.84,16.84,16.18,0,0,0,0,0,0,0,0,0,0,0,0,0,0,0,12.72,11.35,7.66,17,0,0
536000,18.33,16.81,16.18,0,0,0,0,0,0,0,0,0,0,0,0,0,0,0,12.72,11.35,7.66,14,0,0
537000,18.33,16.81,16.18,0,0,0,0,0,0,0,0,0,0,0,0,0,0,0,12.72,11.35,7.66,10,0,0
538000,17.9,16.78,16.18,0,0,0,0,0,0,0,0,0,0,0,0,0,0,0,12.72,11.35,7.66,16,0,0
539000,17.9,16.78,16.18,0,0,0,0,0,0,0,0,0,0,0,0,0,0,0,12.9,11.41,7.7,6,0,0
540000,17.56,16.75,16.17,0,0,0,0,0,0,0,0,0,0,0,0,0,0,0,12.9,11.41,7.7,10,0,0
541000,17.56,16.75,16.17,0,0,0,0,0,0,0,0,0,0,0,0,0,0,0,12.9,11.41,7.7,31,0,0
542000,17.64,16.8,16.19,0,0,0,0,0,0,0,0,0,0,0,0,0,0,0,12.9,11.41,7.7,2,0,0
543000,17.64,16.8,16.19,0,0,0,0,0,0,0,0,0,0,0,0,0,0,0,12.9,11.41,7.7,3,0,0
544000,17.34,16.77,16.18,0,0,0,0,0,0,0,0,0,0,0,0,0,0,0,12.83,11.42,7.73,32,0,0
545000,17.34,16.77,16.18,0,0,0,0,0,0,0,0,0,0,0,0,0,0,0,12.83,11.42,7.73,14,0,0
546000,16.73,16.68,16.17,0,0,0,0,0,0,0,0,0,0,0,0,0,0,0,12.83,11.42,7.73,13,0,0
547000,16.73,16.68,16.17,0,0,0,0,0,0,0,0,0,0,0,0,0,0,0,12.83,11.42,7.73,30,0,0
548000,16.6,16.66,16.17,0,0,0,0,0,0,0,0,0,0,0,0,0,0,0,12.83,11.42,7.73,16,0,0
549000,16.6,16.66,16.17,0,0,0,0,0,0,0,0,0,0,0,0,0,0,0,12.84,11.44,7.76,46,0,0
550000,16.67,16.67,16.17,0,0,0,0,0,0,0,0,0,0,0,0,0,0,0,12.84,11.44,7.76,32,0,0
551000,16.67,16.67,16.17,0,0,0,0,0,0,0,0,0,0,0,0,0,0,0,12.84,11.44,7.76,19,0,0
552000,16.55,16.64,16.17,0,0,0,0,0,0,0,0,0,0,0,0,0,0,0,12.84,11.44,7.76,19,0,0
553000,16.55,16.64,16.17,0,0,0,0,0,0,0,0,0,0,0,0,0,0,0,12.84,11.44,7.76,17,0,0
554000,16.45,16.62,16.17,0,0,0,0,0,0,0,0,0,0,0,0,0,0,0,11.89,11.27,7.72,16,0,0
555000,16.45,16.62,16.17,0,0,0,0,0,0,0,0,0,0,0,0,0,0,0,11.89,11.27,7.72,15,0,0
556000,16.37,16.6,16.17,0,0,0,0,0,0,0,0,0,0,0,0,0,0,0,11.89,11.27,7.72,19,0,0
557000,16.37,16.6,16.17,0,0,0,0,0,0,0,0,0,0,0,0,0,0,0,11.89,11.27,7.72,30,0,0
558000,17.39,16.78,16.21,0,0,0,0,0,0,0,0,0,0,0,0,0,0,0,11.89,11.27,7.72,15,0,0
559000,17.39,16.78,16.21,0,0,0,0,0,0,0,0,0,0,0,0,0,0,0,13.42,11.6,7.84,3,0,0
560000,17.68,16.85,16.23,0,0,0,0,0,0,0,0,0,0,0,0,0,0,0,13.42,11.6,7.84,22,0,0
561000,17.68,16.85,16.23,0,0,0,0,0,0,0,0,0,0,0,0,0,0,0,13.42,11.6,7.84,16,0,0
562000,18.1,16.95,16.25,0,0,0,0,0,0,0,0,0,0,0,0,0,0,0,13.42,11.6,7.84,27,0,0
563000,18.1,16.95,16.25,0,0,0,0,0,0,0,0,0,0,0,0,0,0,0,13.42,11.6,7.84,2,0,0
564000,18.08,16.99,16.27,0,0,0,0,0,0,0,0,0,0,0,0,0,0,0,13.87,11.72,7.9,35,0,0
565000,18.08,16.99,16.27,0,0,0,0,0,0,0,0,0,0,0,0,0,0,0,13.87,11.72,7.9,2,0,0
566000,17.88,16.99,16.27,0,0,0,0,0,0,0,0,0,0,0,0,0,0,0,13.87,11.72,7.9,31,0,0
567000,17.88,16.99,16.27,0,0,0,0,0,0,0,0,0,0,0,0,0,0,0,13.87,11.72,7.9,31,0,0
568000,17.54,16.96,16.27,0,0,0,0,0,0,0,0,0,0,0,0,0,0,0,13.87,11.72,7.9,27,0,0
569000,17.54,16.96,16.27,0,0,0,0,0,0,0,0,0,0,0,0,0,0,0,13.88,11.76,7.94,2,0,0
570000,17.08,16.89,16.26,0,0,0,0,0,0,0,0,0,0,0,0,0,0,0,13.88,11.76,7.94,15,0,0
571000,17.08,16.89,16.26,0,0,0,0,0,0,0,0,0,0,0,0,0,0,0,13.88,11.76,7.94,2,0,0
572000,16.7,16.83,16.25,0,0,0,0,0,0,0,0,0,0,0,0,0,0,0,13.88,11.76,7.94,11,0,0
573000,16.7,16.83,16.25,0,0,0,0,0,0,0,0,0,0,0,0,0,0,0,13.88,11.76,7.94,32,0,0
574000,16.57,16.8,16.25,0,0,0,0,0,0,0,0,0,0,0,0,0,0,0,13.89,11.8,7.97,14,0,0
575000,16.57,16.8,16.25,0,0,0,0,0,0,0,0,0,0,0,0,0,0,0,13.89,11.8,7.97,17,0,0
576000,16.65,16.81,16.26,0,0,0,0,0,0,0,0,0,0,0,0,0,0,0,13.89,11.8,7.97,15,0,0
577000,16.65,16.81,16.26,0,0,0,0,0,0,0,0,0,0,0,0,0,0,0,13.89,11.8,7.97,16,0,0
578000,16.71,16.82,16.26,0,0,0,0,0,0,0,0,0,0,0,0,0,0,0,13.89,11.8,7.97,3,0,0
579000,16.71,16.82,16.26,0,0,0,0,0,0,0,0,0,0,0,0,0,0,0,13.02,11.65,7.94,3,0,0
580000,16.58,16.79,16.26,0,0,0,0,0,0,0,0,0,0,0,0,0,0,0,13.02,11.65,7.94,7,0,0
581000,16.58,16.79,16.26,0,0,0,0,0,0,0,0,0,0,0,0,0,0,0,13.02,11.65,7.94,18,0,0
582000,16.48,16.76,16.26,0,0,0,0,0,0,0,0,0,0,0,0,0,0,0,13.02,11.65,7.94,20,0,0
583000,16.48,16.76,16.26,0,0,0,0,0,0,0,0,0,0,0,0,0,0,0,13.02,11.65,7.94,3,0,0
584000,16.57,16.77,16.26,0,0,0,0,0,0,0,0,0,0,0,0,0,0,0,12.06,11.47,7.91,15,0,0
585000,16.57,16.77,16.26,0,0,0,0,0,0,0,0,0,0,0,0,0,0,0,12.06,11.47,7.91,25,0,0
586000,16.47,16.74,16.26,0,0,0,0,0,0,0,0,0,0,0,0,0,0,0,12.06,11.47,7.91,16,0,0
587000,16.47,16.74,16.26,0,0,0,0,0,0,0,0,0,0,0,0,0,0,0,12.06,11.47,7.91,13,0,0
588000,16.38,16.72,16.26,0,0,0,0,0,0,0,0,0,0,0,0,0,0,0,12.06,11.47,7.91,30,0,0
589000,16.38,16.72,16.26,0,0,0,0,0,0,0,0,0,0,0,0,0,0,0,12.37,11.55,7.95,29,0,0
590000,16.13,16.66,16.25,0,0,0,0,0,0,0,0,0,0,0,0,0,0,0,12.37,11.55,7.95,16,0,0
591000,16.13,16.66,16.25,0,0,0,0,0,0,0,0,0,0,0,0,0,0,0,12.37,11.55,7.95,34,0,0
592000,16.1,16.64,16.25,0,0,0,0,0,0,0,0,0,0,0,0,0,0,0,12.37,11.55,7.95,30,0,0
593000,16.1,16.64,16.25,0,0,0,0,0,0,0,0,0,0,0,0,0,0,0,12.37,11.55,7.95,15,0,0
594000,16.08,16.62,16.25,0,0,0,0,0,0,0,0,0,0,0,0,0,0,0,12.42,11.57,7.98,10,0,0
595000,16.08,16.62,16.25,0,0,0,0,0,0,0,0,0,0,0,0,0,0,0,12.42,11.57,7.98,12,0,0
596000,15.89,16.57,16.24,0,0,0,0,0,0,0,0,0,0,0,0,0,0,0,12.42,11.57,7.98,20,0,0
597000,15.89,16.57,16.24,0,0,0,0,0,0,0,0,0,0,0,0,0,0,0,12.42,11.57,7.98,13,0,0
598000,15.91,16.55,16.24,0,0,0,0,0,0,0,0,0,0,0,0,0,0,0,12.42,11.57,7.98,34,0,0
599000,15.91,16.55,16.24,0,0,0,0,0,0,0,0,0,0,0,0,0,0,0,12.95,11.7,8.04,19,0,0
600000,15.92,16.53,16.23,0,0,0,0,0,0,0,0,0,0,0,0,0,0,0,12.95,11.7,8.04,2,1,0
601000,15.92,16.53,16.23,0,0,0,0,0,0,0,0,0,0,0,0,0,0,0,12.95,11.7,8.04,15,0,0
602000,15.94,16.51,16.23,0,0,0,0,0,0,0,0,0,0,0,0,0,0,0,12.95,11.7,8.04,39,0,0
603000,15.94,16.51,16.23,0,0,0,0,0,0,0,0,0,0,0,0,0,0,0,12.95,11.7,8.04,13,0,0
604000,15.95,16.49,16.23,0,0,0,0,0,0,0,0,0,0,0,0,0,0,0,13.11,11.75,8.07,29,0,0
605000,15.95,16.49,16.23,0,0,0,0,0,0,0,0,0,0,0,0,0,0,0,13.11,11.75,8.07,19,0,0
606000,15.77,16.44,16.22,0,0,0,0,0,0,0,0,0,0,0,0,0,0,0,13.11,11.75,8.07,2,0,0
607000,15.77,16.44,16.22,0,0,0,0,0,0,0,0,0,0,0,0,0,0,0,13.11,11.75,8.07,2,0,0
608000,15.81,16.43,16.22,0,0,0,0,0,0,0,0,0,0,0,0,0,0,0,13.11,11.75,8.07,4,0,0
609000,15.81,16.43,16.22,0,0,0,0,0,0,0,0,0,0,0,0,0,0,0,12.46,11.64,8.06,28,0,0
610000,15.67,16.38,16.21,0,0,0,0,0,0,0,0,0,0,0,0,0,0,0,12.46,11.64,8.06,2,0,0
611000,15.67,16.38,16.21,0,0,0,0,0,0,0,0,0,0,0,0,0,0,0,12.46,11.64,8.06,2,0,0
612000,15.36,16.3,16.19,0,0,0,0,0,0,0,0,0,0,0,0,0,0,0,12.46,11.64,8.06,26,0,0
613000,15.36,16.3,16.19,0,0,0,0,0,0,0,0,0,0,0,0,0,0,0,12.46,11.64,8.06,2,0,0
614000,15.3,16.26,16.19,0,0,0,0,0,0,0,0,0,0,0,0,0,0,0,13.55,11.88,8.15,14,0,0
615000,15.3,16.26,16.19,0,0,0,0,0,0,0,0,0,0,0,0,0,0,0,13.55,11.88,8.15,9,0,0
616000,15.42,16.25,16.18,0,0,0,0,0,0,0,0,0,0,0,0,0,0,0,13.55,11.88,8.15,20,0,0
617000,15.42,16.25,16.18,0,0,0,0,0,0,0,0,0,0,0,0,0,0,0,13.55,11.88,8.15,9,0,0
618000,15.53,16.24,16.18,0,0,0,0,0,0,0,0,0,0,0,0,0,0,0,13.55,11.88,8.15,30,0,0
619000,15.53,16.24,16.18,0,0,0,0,0,0,0,0,0,0,0,0,0,0,0,13.66,11.93,8.19,2,0,0
620000,15.43,16.2,16.18,0,0,0,0,0,0,0,0,0,0,0,0,0,0,0,13.66,11.93,8.19,15,0,0
621000,15.43,16.2,16.18,0,0,0,0,0,0,0,0,0,0,0,0,0,0,0,13.66,11.93,8.19,32,0,0
622000,15.17,16.13,16.16,0,0,0,0,0,0,0,0,0,0,0,0,0,0,0,13.66,11.93,8.19,24,0,0
623000,15.17,16.13,16.16,0,0,0,0,0,0,0,0,0,0,0,0,0,0,0,13.66,11.93,8.19,3,0,0
624000,15.5,16.16,16.17,0,0,0,0,0,0,0,0,0,0,0,0,0,0,0,14.81,12.2,8.3,5,0,0
625000,15.5,16.16,16.17,0,0,0,0,0,0,0,0,0,0,0,0,0,0,0,14.81,12.2,8.3,14,0,0
626000,15.41,16.12,16.16,0,0,0,0,0,0,0,0,0,0,0,0,0,0,0,14.81,12.2,8.3,16,0,0
627000,15.41,16.12,16.16,0,0,0,0,0,0,0,0,0,0,0,0,0,0,0,14.81,12.2,8.3,29,0,0
628000,15.33,16.08,16.15,0,0,0,0,0,0,0,0,0,0,0,0,0,0,0,14.81,12.2,8.3,26,0,0
629000,15.33,16.08,16.15,0,0,0,0,0,0,0,0,0,0,0,0,0,0,0,14.75,12.23,8.33,29,0,0
630000,15.64,16.11,16.16,0,0,0,0,0,0,0,0,0,0,0,0,0,0,0,14.75,12.23,8.33,14,0,0
631000,15.64,16.11,16.16,0,0,0,0,0,0,0,0,0,0,0,0,0,0,0,14.75,12.23,8.33,10,0,0
632000,15.52,16.08,16.15,0,0,0,0,0,0,0,0,0,0,0,0,0,0,0,14.75,12.23,8.33,16,0,0
633000,15.52,16.08,16.15,0,0,0,0,0,0,0,0,0,0,0,0,0,0,0,14.61,12.24,8.35,28,0,0
634000,15.42,16.04,16.14,0,0,0,0,0,0,0,0,0,0,0,0,0,0,0,14.61,12.24,8.35,9,0,0
635000,15.42,16.04,16.14,0,0,0,0,0,0,0,0,0,0,0,0,0,0,0,14.61,12.24,8.35,19,0,0
636000,15.35,16.01,16.13,0,0,0,0,0,0,0,0,0,0,0,0,0,0,0,14.61,12.24,8.35,19,0,0
637000,15.35,16.01,16.13,0,0,0,0,0,0,0,0,0,0,0,0,0,0,0,14.61,12.24,8.35,15,0,0
638000,15.28,15.97,16.12,0,0,0,0,0,0,0,0,0,0,0,0,0,0,0,14.8,12.32,8.4,2,0,0
639000,15.28,15.97,16.12,0,0,0,0,0,0,0,0,0,0,0,0,0,0,0,14.8,12.32,8.4,13,0,0
640000,15.77,16.04,16.14,0,0,0,0,0,0,0,0,0,0,0,0,0,0,0,14.8,12.32,8.4,16,0,0
641000,15.77,16.04,16.14,0,0,0,0,0,0,0,0,0,0,0,0,0,0,0,14.8,12.32,8.4,15,0,0
642000,15.81,16.04,16.13,0,0,0,0,0,0,0,0,0,0,0,0,0,0,0,14.8,12.32,8.4,15,0,0
643000,15.81,16.04,16.13,0,0,0,0,0,0,0,0,0,0,0,0,0,0,0,13.93,12.18,8.38,2,0,0
644000,15.85,16.04,16.13,0,0,0,0,0,0,0,0,0,0,0,0,0,0,0,13.93,12.18,8.38,29,0,0
645000,15.85,16.04,16.13,0,0,0,0,0,0,0,0,0,0,0,0,0,0,0,13.93,12.18,8.38,5,0,0
646000,15.69,16,16.13,0,0,0,0,0,0,0,0,0,0,0,0,0,0,0,13.93,12.18,8.38,9,0,0
647000,15.69,16,16.13,0,0,0,0,0,0,0,0,0,0,0,0,0,0,0,13.93,12.18,8.38,25,0,0
648000,15.75,16,16.12,0,0,0,0,0,0,0,0,0,0,0,0,0,0,0,13.54,12.13,8.38,14,0,0
649000,15.75,16,16.12,0,0,0,0,0,0,0,0,0,0,0,0,0,0,0,13.54,12.13,8.38,32,0,0
650000,15.79,16,16.12,0,0,0,0,0,0,0,0,0,0,0,0,0,0,0,13.54,12.13,8.38,10,0,0
651000,15.79,16,16.12,0,0,0,0,0,0,0,0,0,0,0,0,0,0,0,13.54,12.13,8.38,3,0,0
652000,15.83,16,16.12,0,0,0,0,0,0,0,0,0,0,0,0,0,0,0,13.54,12.13,8.38,14,0,0
653000,15.83,16,16.12,0,0,0,0,0,0,0,0,0,0,0,0,0,0,0,13.58,12.16,8.41,4,0,0
654000,15.86,16,16.12,0,0,0,0,0,0,0,0,0,0,0,0,0,0,0,13.58,12.16,8.41,26,0,0
655000,15.86,16,16.12,0,0,0,0,0,0,0,0,0,0,0,0,0,0,0,13.58,12.16,8.41,2,0,0
656000,15.88,16,16.12,0,0,0,0,0,0,0,0,0,0,0,0,0,0,0,13.58,12.16,8.41,29,0,0
657000,15.88,16,16.12,0,0,0,0,0,0,0,0,0,0,0,0,0,0,0,13.58,12.16,8.41,14,0,0
658000,15.72,15.97,16.11,0,0,0,0,0,0,0,0,0,0,0,0,0,0,0,12.89,12.04,8.39,20,0,0
659000,15.72,15.97,16.11,0,0,0,0,0,0,0,0,0,0,0,0,0,0,0,12.89,12.04,8.39,3,0,0
660000,15.59,15.93,16.11,0,0,0,0,0,0,0,0,0,0,0,0,0,0,0,12.89,12.04,8.39,14,0,0
661000,15.59,15.93,16.11,0,0,0,0,0,0,0,0,0,0,0,0,0,0,0,12.89,12.04,8.39,4,0,0
662000,15.66,15.94,16.1,0,0,0,0,0,0,0,0,0,0,0,0,0,0,0,12.89,12.04,8.39,19,0,0
663000,15.66,15.94,16.1,0,0,0,0,0,0,0,0,0,0,0,0,0,0,0,14.02,12.29,8.49,7,0,0
664000,15.72,15.94,16.1,0,0,0,0,0,0,0,0,0,0,0,0,0,0,0,14.02,12.29,8.49,2,0,0
665000,15.72,15.94,16.1,0,0,0,0,0,0,0,0,0,0,0,0,0,0,0,14.02,12.29,8.49,17,0,0
666000,15.77,15.94,16.1,0,0,0,0,0,0,0,0,0,0,0,0,0,0,0,14.02,12.29,8.49,15,0,0
667000,15.77,15.94,16.1,0,0,0,0,0,0,0,0,0,0,0,0,0,0,0,14.02,12.29,8.49,3,0,0
668000,15.81,15.94,16.1,0,0,0,0,0,0,0,0,0,0,0,0,0,0,0,13.38,12.18,8.48,15,0,0
669000,15.81,15.94,16.1,0,0,0,0,0,0,0,0,0,0,0,0,0,0,0,13.38,12.18,8.48,3,0,0
670000,16.03,15.98,16.11,0,0,0,0,0,0,0,0,0,0,0,0,0,0,0,13.38,12.18,8.48,31,0,0
671000,16.03,15.98,16.11,0,0,0,0,0,0,0,0,0,0,0,0,0,0,0,13.38,12.18,8.48,14,0,0
672000,16.02,15.98,16.11,0,0,0,0,0,0,0,0,0,0,0,0,0,0,0,13.38,12.18,8.48,3,0,0
673000,16.02,15.98,16.11,0,0,0,0,0,0,0,0,0,0,0,0,0,0,0,12.39,12,8.44,10,0,0
674000,15.65,15.91,16.09,0,0,0,0,0,0,0,0,0,0,0,0,0,0,0,12.39,12,8.44,3,0,0
675000,15.65,15.91,16.09,0,0,0,0,0,0,0,0,0,0,0,0,0,0,0,12.39,12,8.44,11,0,0
676000,15.9,15.95,16.1,0,0,0,0,0,0,0,0,0,0,0,0,0,0,0,12.39,12,8.44,19,0,0
677000,15.9,15.95,16.1,0,0,0,0,0,0,0,0,0,0,0,0,0,0,0,12.39,12,8.44,16,0,0
678000,15.55,15.89,16.08,0,0,0,0,0,0,0,0,0,0,0,0,0,0,0,11.47,11.81,8.4,11,0,0
679000,15.55,15.89,16.08,0,0,0,0,0,0,0,0,0,0,0,0,0,0,0,11.47,11.81,8.4,2,0,0
680000,15.45,15.86,16.08,0,0,0,0,0,0,0,0,0,0,0,0,0,0,0,11.47,11.81,8.4,11,0,0
681000,15.45,15.86,16.08,0,0,0,0,0,0,0,0,0,0,0,0,0,0,0,11.47,11.81,8.4,16,0,0
682000,15.55,15.86,16.08,0,0,0,0,0,0,0,0,0,0,0,0,0,0,0,11.47,11.81,8.4,13,0,0
683000,15.55,15.86,16.08,0,0,0,0,0,0,0,0,0,0,0,0,0,0,0,11.6,11.83,8.42,2,0,0
684000,15.63,15.87,16.07,0,0,0,0,0,0,0,0,0,0,0,0,0,0,0,11.6,11.83,8.42,21,0,0
685000,15.63,15.87,16.07,0,0,0,0,0,0,0,0,0,0,0,0,0,0,0,11.6,11.83,8.42,34,0,0
686000,16.24,15.97,16.09,0,0,0,0,0,0,0,0,0,0,0,0,0,0,0,11.6,11.83,8.42,12,0,0
687000,16.24,15.97,16.09,0,0,0,0,0,0,0,0,0,0,0,0,0,0,0,11.6,11.83,8.42,19,0,0
688000,16.56,16.03,16.11,0,0,0,0,0,0,0,0,0,0,0,0,0,0,0,11.79,11.87,8.45,8,0,0
689000,16.56,16.03,16.11,0,0,0,0,0,0,0,0,0,0,0,0,0,0,0,11.79,11.87,8.45,2,0,0
690000,16.27,16,16.1,0,0,0,0,0,0,0,0,0,0,0,0,0,0,0,11.79,11.87,8.45,29,0,0
691000,16.27,16,16.1,0,0,0,0,0,0,0,0,0,0,0,0,0,0,0,11.79,11.87,8.45,10,0,0
692000,16.22,16,16.1,0,0,0,0,0,0,0,0,0,0,0,0,0,0,0,11.79,11.87,8.45,4,0,0
693000,16.22,16,16.1,0,0,0,0,0,0,0,0,0,0,0,0,0,0,0,13.17,12.16,8.56,10,0,0
694000,16,15.97,16.09,0,0,0,0,0,0,0,0,0,0,0,0,0,0,0,13.17,12.16,8.56,14,0,0
695000,16,15.97,16.09,0,0,0,0,0,0,0,0,0,0,0,0,0,0,0,13.17,12.16,8.56,7,0,0
696000,15.82,15.93,16.08,0,0,0,0,0,0,0,0,0,0,0,0,0,0,0,13.17,12.16,8.56,5,0,0
697000,15.82,15.93,16.08,0,0,0,0,0,0,0,0,0,0,0,0,0,0,0,13.17,12.16,8.56,15,0,0
698000,15.85,15.94,16.08,0,0,0,0,0,0,0,0,0,0,0,0,0,0,0,13.47,12.24,8.61,2,0,0
699000,15.85,15.94,16.08,0,0,0,0,0,0,0,0,0,0,0,0,0,0,0,13.47,12.24,8.61,8,0,0
700000,15.7,15.91,16.07,0,0,0,0,0,0,0,0,0,0,0,0,0,0,0,13.47,12.24,8.61,14,0,0
701000,15.7,15.91,16.07,0,0,0,0,0,0,0,0,0,0,0,0,0,0,0,13.47,12.24,8.61,3,0,0
702000,15.57,15.88,16.07,0,0,0,0,0,0,0,0,0,0,0,0,0,0,0,13.47,12.24,8.61,28,0,0
703000,15.57,15.88,16.07,0,0,0,0,0,0,0,0,0,0,0,0,0,0,0,13.44,12.25,8.63,14,0,0
704000,15.46,15.85,16.06,0,0,0,0,0,0,0,0,0,0,0,0,0,0,0,13.44,12.25,8.63,20,0,0
705000,15.46,15.85,16.06,0,0,0,0,0,0,0,0,0,0,0,0,0,0,0,13.44,12.25,8.63,30,0,0
706000,15.2,15.79,16.04,0,0,0,0,0,0,0,0,0,0,0,0,0,0,0,13.44,12.25,8.63,10,0,0
707000,15.2,15.79,16.04,0,0,0,0,0,0,0,0,0,0,0,0,0,0,0,13.44,12.25,8.63,13,0,0
708000,15.52,15.83,16.05,0,0,0,0,0,0,0,0,0,0,0,0,0,0,0,13.48,12.28,8.66,3,0,0
709000,15.52,15.83,16.05,0,0,0,0,0,0,0,0,0,0,0,0,0,0,0,13.48,12.28,8.66,17,0,0
710000,15.79,15.86,16.06,0,0,0,0,0,0,0,0,0,0,0,0,0,0,0,13.48,12.28,8.66,21,1,0
711000,15.79,15.86,16.06,0,0,0,0,0,0,0,0,0,0,0,0,0,0,0,13.48,12.28,8.66,31,0,0
712000,16.01,15.9,16.07,0,0,0,0,0,0,0,0,0,0,0,0,0,0,0,13.48,12.28,8.66,6,0,0
713000,16.01,15.9,16.07,0,0,0,0,0,0,0,0,0,0,0,0,0,0,0,12.48,12.09,8.62,2,0,0
714000,15.64,15.84,16.05,0,0,0,0,0,0,0,0,0,0,0,0,0,0,0,12.48,12.09,8.62,10,0,0
715000,15.64,15.84,16.05,0,0,0,0,0,0,0,0,0,0,0,0,0,0,0,12.48,12.09,8.62,11,0,0
716000,15.71,15.84,16.05,0,0,0,0,0,0,0,0,0,0,0,0,0,0,0,12.48,12.09,8.62,11,0,0
717000,15.71,15.84,16.05,0,0,0,0,0,0,0,0,0,0,0,0,0,0,0,12.48,12.09,8.62,14,0,0
718000,15.94,15.88,16.06,0,0,0,0,0,0,0,0,0,0,0,0,0,0,0,13.56,12.32,8.72,14,0,0
719000,15.94,15.88,16.06,0,0,0,0,0,0,0,0,0,0,0,0,0,0,0,13.56,12.32,8.72,13,0,0
720000,15.95,15.89,16.06,0,0,0,0,0,0,0,0,0,0,0,0,0,0,0,13.56,12.32,8.72,3,0,0
721000,15.95,15.89,16.06,0,0,0,0,0,0,0,0,0,0,0,0,0,0,0,13.56,12.32,8.72,15,0,0
722000,15.96,15.89,16.06,0,0,0,0,0,0,0,0,0,0,0,0,0,0,0,13.56,12.32,8.72,12,0,0
723000,15.96,15.89,16.06,0,0,0,0,0,0,0,0,0,0,0,0,0,0,0,13.44,12.32,8.73,2,0,0
724000,15.6,15.83,16.04,0,0,0,0,0,0,0,0,0,0,0,0,0,0,0,13.44,12.32,8.73,14,0,0
725000,15.6,15.83,16.04,0,0,0,0,0,0,0,0,0,0,0,0,0,0,0,13.44,12.32,8.73,28,0,0
726000,15.67,15.83,16.04,0,0,0,0,0,0,0,0,0,0,0,0,0,0,0,13.44,12.32,8.73,10,0,0
727000,15.67,15.83,16.04,0,0,0,0,0,0,0,0,0,0,0,0,0,0,0,13.44,12.32,8.73,17,0,0
728000,15.73,15.84,16.04,0,0,0,0,0,0,0,0,0,0,0,0,0,0,0,13.24,12.29,8.75,16,0,0
729000,15.73,15.84,16.04,0,0,0,0,0,0,0,0,0,0,0,0,0,0,0,13.24,12.29,8.75,2,0,0
730000,15.6,15.81,16.03,0,0,0,0,0,0,0,0,0,0,0,0,0,0,0,13.24,12.29,8.75,7,0,0
731000,15.6,15.81,16.03,0,0,0,0,0,0,0,0,0,0,0,0,0,0,0,13.24,12.29,8.75,8,0,0
732000,15.67,15.82,16.03,0,0,0,0,0,0,0,0,0,0,0,0,0,0,0,13.24,12.29,8.75,14,0,0
733000,15.67,15.82,16.03,0,0,0,0,0,0,0,0,0,0,0,0,0,0,0,12.82,12.22,8.74,17,0,0
734000,15.73,15.82,16.03,0,0,0,0,0,0,0,0,0,0,0,0,0,0,0,12.82,12.22,8.74,26,0,0
735000,15.73,15.82,16.03,0,0,0,0,0,0,0,0,0,0,0,0,0,0,0,12.82,12.22,8.74,27,0,0
736000,15.42,15.76,16.02,0,0,0,0,0,0,0,0,0,0,0,0,0,0,0,12.82,12.22,8.74,2,0,0
737000,15.42,15.76,16.02,0,0,0,0,0,0,0,0,0,0,0,0,0,0,0,12.82,12.22,8.74,10,0,0
738000,15.34,15.74,16.01,0,0,0,0,0,0,0,0,0,0,0,0,0,0,0,12.84,12.24,8.76,3,0,0
739000,15.34,15.74,16.01,0,0,0,0,0,0,0,0,0,0,0,0,0,0,0,12.84,12.24,8.76,3,0,0
740000,15.28,15.71,16,0,0,0,0,0,0,0,0,0,0,0,0,0,0,0,12.84,12.24,8.76,18,0,0
741000,15.28,15.71,16,0,0,0,0,0,0,0,0,0,0,0,0,0,0,0,12.84,12.24,8.76,32,0,0
742000,15.59,15.76,16.01,0,0,0,0,0,0,0,0,0,0,0,0,0,0,0,12.84,12.24,8.76,29,0,0
743000,15.59,15.76,16.01,0,0,0,0,0,0,0,0,0,0,0,0,0,0,0,13.25,12.33,8.81,30,0,0
744000,15.48,15.73,16,0,0,0,0,0,0,0,0,0,0,0,0,0,0,0,13.25,12.33,8.81,2,0,0
745000,15.48,15.73,16,0,0,0,0,0,0,0,0,0,0,0,0,0,0,0,13.25,12.33,8.81,13,0,0
746000,15.21,15.67,15.99,0,0,0,0,0,0,0,0,0,0,0,0,0,0,0,13.25,12.33,8.81,4,0,0
747000,15.21,15.67,15.99,0,0,0,0,0,0,0,0,0,0,0,0,0,0,0,13.25,12.33,8.81,15,0,0
748000,15.35,15.68,15.99,0,0,0,0,0,0,0,0,0,0,0,0,0,0,0,13.79,12.46,8.87,2,0,0
749000,15.35,15.68,15.99,0,0,0,0,0,0,0,0,0,0,0,0,0,0,0,13.79,12.46,8.87,15,0,0
750000,15.47,15.69,15.99,0,0,0,0,0,0,0,0,0,0,0,0,0,0,0,13.79,12.46,8.87,29,0,0
751000,15.47,15.69,15.99,0,0,0,0,0,0,0,0,0,0,0,0,0,0,0,13.79,12.46,8.87,11,0,0
752000,15.38,15.67,15.98,0,0,0,0,0,0,0,0,0,0,0,0,0,0,0,13.79,12.46,8.87,29,0,0
753000,15.38,15.67,15.98,0,0,0,0,0,0,0,0,0,0,0,0,0,0,0,12.93,12.3,8.84,7,0,0
754000,15.49,15.68,15.98,0,0,0,0,0,0,0,0,0,0,0,0,0,0,0,12.93,12.3,8.84,34,0,0
755000,15.49,15.68,15.98,0,0,0,0,0,0,0,0,0,0,0,0,0,0,0,12.93,12.3,8.84,36,0,0
756000,15.58,15.69,15.98,0,0,0,0,0,0,0,0,0,0,0,0,0,0,0,12.93,12.3,8.84,3,0,0
757000,15.58,15.69,15.98,0,0,0,0,0,0,0,0,0,0,0,0,0,0,0,12.93,12.3,8.84,11,0,0
758000,15.66,15.7,15.99,0,0,0,0,0,0,0,0,0,0,0,0,0,0,0,11.97,12.11,8.8,9,0,0
759000,15.66,15.7,15.99,0,0,0,0,0,0,0,0,0,0,0,0,0,0,0,11.97,12.11,8.8,2,0,0
760000,15.54,15.68,15.98,0,0,0,0,0,0,0,0,0,0,0,0,0,0,0,11.97,12.11,8.8,28,0,0
761000,15.54,15.68,15.98,0,0,0,0,0,0,0,0,0,0,0,0,0,0,0,11.97,12.11,8.8,14,0,0
762000,15.44,15.66,15.97,0,0,0,0,0,0,0,0,0,0,0,0,0,0,0,11.97,12.11,8.8,5,0,0
763000,15.44,15.66,15.97,0,0,0,0,0,0,0,0,0,0,0,0,0,0,0,12.54,12.23,8.86,30,0,0
764000,15.36,15.64,15.96,0,0,0,0,0,0,0,0,0,0,0,0,0,0,0,12.54,12.23,8.86,28,0,0
765000,15.36,15.64,15.96,0,0,0,0,0,0,0,0,0,0,0,0,0,0,0,12.54,12.23,8.86,30,0,0
766000,15.47,15.65,15.97,0,0,0,0,0,0,0,0,0,0,0,0,0,0,0,12.54,12.23,8.86,12,0,0
767000,15.47,15.65,15.97,0,0,0,0,0,0,0,0,0,0,0,0,0,0,0,12.54,12.23,8.86,15,0,0
768000,15.39,15.63,15.96,0,0,0,0,0,0,0,0,0,0,0,0,0,0,0,12.81,12.29,8.89,13,0,0
769000,15.39,15.63,15.96,0,0,0,0,0,0,0,0,0,0,0,0,0,0,0,12.81,12.29,8.89,28,0,0
770000,15.68,15.67,15.97,0,0,0,0,0,0,0,0,0,0,0,0,0,0,0,12.81,12.29,8.89,35,0,0
771000,15.68,15.67,15.97,0,0,0,0,0,0,0,0,0,0,0,0,0,0,0,12.81,12.29,8.89,26,0,0
772000,15.56,15.65,15.96,0,0,0,0,0,0,0,0,0,0,0,0,0,0,0,12.81,12.29,8.89,8,0,0
773000,15.56,15.65,15.96,0,0,0,0,0,0,0,0,0,0,0,0,0,0,0,12.75,12.29,8.91,34,0,0
774000,15.82,15.69,15.97,0,0,0,0,0,0,0,0,0,0,0,0,0,0,0,12.75,12.29,8.91,10,0,0
775000,15.82,15.69,15.97,0,0,0,0,0,0,0,0,0,0,0,0,0,0,0,12.75,12.29,8.91,14,0,0
776000,15.67,15.67,15.96,0,0,0,0,0,0,0,0,0,0,0,0,0,0,0,12.75,12.29,8.91,9,0,0
777000,15.73,15.68,15.96,0,0,0,0,0,0,0,0,0,0,0,0,0,0,0,12.75,12.29,8.91,10,0,0
778000,15.73,15.68,15.96,0,0,0,0,0,0,0,0,0,0,0,0,0,0,0,12.77,12.3,8.93,14,0,0
779000,15.78,15.69,15.96,0,0,0,0,0,0,0,0,0,0,0,0,0,0,0,12.77,12.3,8.93,5,0,0
780000,15.78,15.69,15.96,0,0,0,0,0,0,0,0,0,0,0,0,0,0,0,12.77,12.3,8.93,41,0,0
781000,15.82,15.7,15.96,0,0,0,0,0,0,0,0,0,0,0,0,0,0,0,12.77,12.3,8.93,17,0,0
782000,15.82,15.7,15.96,0,0,0,0,0,0,0,0,0,0,0,0,0,0,0,12.77,12.3,8.93,7,0,0
783000,15.85,15.71,15.96,0,0,0,0,0,0,0,0,0,0,0,0,0,0,0,12.71,12.29,8.95,21,0,0
784000,15.85,15.71,15.96,0,0,0,0,0,0,0,0,0,0,0,0,0,0,0,12.71,12.29,8.95,34,0,0
785000,16.06,15.75,15.97,0,0,0,0,0,0,0,0,0,0,0,0,0,0,0,12.71,12.29,8.95,2,0,0
786000,16.06,15.75,15.97,0,0,0,0,0,0,0,0,0,0,0,0,0,0,0,12.71,12.29,8.95,7,0,0
787000,15.86,15.73,15.96,0,0,0,0,0,0,0,0,0,0,0,0,0,0,0,12.71,12.29,8.95,30,0,0
788000,15.86,15.73,15.96,0,0,0,0,0,0,0,0,0,0,0,0,0,0,0,12.73,12.31,8.97,2,0,0
789000,15.71,15.7,15.95,0,0,0,0,0,0,0,0,0,0,0,0,0,0,0,12.73,12.31,8.97,31,0,0
790000,15.71,15.7,15.95,0,0,0,0,0,0,0,0,0,0,0,0,0,0,0,12.73,12.31,8.97,7,0,0
791000,15.94,15.75,15.96,0,0,0,0,0,0,0,0,0,0,0,0,0,0,0,12.73,12.31,8.97,9,0,0
792000,15.94,15.75,15.96,0,0,0,0,0,0,0,0,0,0,0,0,0,0,0,12.73,12.31,8.97,10,0,0
793000,15.95,15.76,15.96,0,0,0,0,0,0,0,0,0,0,0,0,0,0,0,13.39,12.45,9.04,5,0,0
794000,15.95,15.76,15.96,0,0,0,0,0,0,0,0,0,0,0,0,0,0,0,13.39,12.45,9.04,32,0,0
795000,15.96,15.76,15.96,0,0,0,0,0,0,0,0,0,0,0,0,0,0,0,13.39,12.45,9.04,23,0,0
796000,15.96,15.76,15.96,0,0,0,0,0,0,0,0,0,0,0,0,0,0,0,13.39,12.45,9.04,14,0,0
797000,15.97,15.77,15.96,0,0,0,0,0,0,0,0,0,0,0,0,0,0,0,13.39,12.45,9.04,16,0,0
798000,15.97,15.77,15.96,0,0,0,0,0,0,0,0,0,0,0,0,0,0,0,12.8,12.34,9.02,8,0,0
799000,16.15,15.81,15.97,0,0,0,0,0,0,0,0,0,0,0,0,0,0,0,12.8,12.34,9.02,22,0,0
800000,16.15,15.81,15.97,0,0,0,0,0,0,0,0,0,0,0,0,0,0,0,12.8,12.34,9.02,17,0,0
801000,16.12,15.82,15.97,0,0,0,0,0,0,0,0,0,0,0,0,0,0,0,12.8,12.34,9.02,27,0,0
802000,16.12,15.82,15.97,0,0,0,0,0,0,0,0,0,0,0,0,0,0,0,12.8,12.34,9.02,14,0,0
803000,15.92,15.79,15.96,0,0,0,0,0,0,0,0,0,0,0,0,0,0,0,11.94,12.17,8.98,27,0,0
804000,15.92,15.79,15.96,0,0,0,0,0,0,0,0,0,0,0,0,0,0,0,11.94,12.17,8.98,7,0,0
805000,16.11,15.83,15.97,0,0,0,0,0,0,0,0,0,0,0,0,0,0,0,11.94,12.17,8.98,32,0,0
806000,16.11,15.83,15.97,0,0,0,0,0,0,0,0,0,0,0,0,0,0,0,11.94,12.17,8.98,2,0,0
807000,15.91,15.8,15.97,0,0,0,0,0,0,0,0,0,0,0,0,0,0,0,11.94,12.17,8.98,11,0,0
808000,15.91,15.8,15.97,0,0,0,0,0,0,0,0,0,0,0,0,0,0,0,12.1,12.2,9.01,7,0,0
809000,15.75,15.78,15.96,0,0,0,0,0,0,0,0,0,0,0,0,0,0,0,12.1,12.2,9.01,2,0,0
810000,15.75,15.78,15.96,0,0,0,0,0,0,0,0,0,0,0,0,0,0,0,12.1,12.2,9.01,3,0,0
811000,15.61,15.75,15.95,0,0,0,0,0,0,0,0,0,0,0,0,0,0,0,12.1,12.2,9.01,15,0,0
812000,15.61,15.75,15.95,0,0,0,0,0,0,0,0,0,0,0,0,0,0,0,12.1,12.2,9.01,2,0,0
813000,15.32,15.69,15.94,0,0,0,0,0,0,0,0,0,0,0,0,0,0,0,13.37,12.46,9.11,9,0,0
814000,15.32,15.69,15.94,0,0,0,0,0,0,0,0,0,0,0,0,0,0,0,13.37,12.46,9.11,31,0,0
815000,15.44,15.7,15.94,0,0,0,0,0,0,0,0,0,0,0,0,0,0,0,13.37,12.46,9.11,14,0,0
816000,15.44,15.7,15.94,0,0,0,0,0,0,0,0,0,0,0,0,0,0,0,13.37,12.46,9.11,18,0,0
817000,15.54,15.71,15.94,0,0,0,0,0,0,0,0,0,0,0,0,0,0,0,13.37,12.46,9.11,19,0,0
818000,15.54,15.71,15.94,0,0,0,0,0,0,0,0,0,0,0,0,0,0,0,13.26,12.46,9.13,16,0,0
819000,15.62,15.72,15.94,0,0,0,0,0,0,0,0,0,0,0,0,0,0,0,13.26,12.46,9.13,10,0,0
820000,15.62,15.72,15.94,0,0,0,0,0,0,0,0,0,0,0,0,0,0,0,13.26,12.46,9.13,13,0,0
821000,15.51,15.7,15.93,0,0,0,0,0,0,0,0,0,0,0,0,0,0,0,13.26,12.46,9.13,3,0,0
822000,15.51,15.7,15.93,0,0,0,0,0,0,0,0,0,0,0,0,0,0,0,13.26,12.46,9.13,8,0,0
823000,15.42,15.67,15.93,0,0,0,0,0,0,0,0,0,0,0,0,0,0,0,13.16,12.45,9.14,33,0,0
824000,15.42,15.67,15.93,0,0,0,0,0,0,0,0,0,0,0,0,0,0,0,13.16,12.45,9.14,15,0,0
825000,15.52,15.68,15.93,0,0,0,0,0,0,0,0,0,0,0,0,0,0,0,13.16,12.45,9.14,27,0,0
826000,15.52,15.68,15.93,0,0,0,0,0,0,0,0,0,0,0,0,0,0,0,13.16,12.45,9.14,18,0,0
827000,15.43,15.66,15.92,0,0,0,0,0,0,0,0,0,0,0,0,0,0,0,13.16,12.45,9.14,18,0,0
828000,15.43,15.66,15.92,0,0,0,0,0,0,0,0,0,0,0,0,0,0,0,12.27,12.27,9.1,16,0,0
829000,15.35,15.64,15.91,0,0,0,0,0,0,0,0,0,0,0,0,0,0,0,12.27,12.27,9.1,3,0,0
830000,15.35,15.64,15.91,0,0,0,0,0,0,0,0,0,0,0,0,0,0,0,12.27,12.27,9.1,2,0,0
831000,15.28,15.62,15.91,0,0,0,0,0,0,0,0,0,0,0,0,0,0,0,12.27,12.27,9.1,18,0,0
832000,15.28,15.62,15.91,0,0,0,0,0,0,0,0,0,0,0,0,0,0,0,12.27,12.27,9.1,28,0,0
833000,15.77,15.7,15.92,0,0,0,0,0,0,0,0,0,0,0,0,0,0,0,12.33,12.29,9.12,31,0,0
834000,15.77,15.7,15.92,0,0,0,0,0,0,0,0,0,0,0,0,0,0,0,12.33,12.29,9.12,15,0,0
835000,15.63,15.67,15.91,0,0,0,0,0,0,0,0,0,0,0,0,0,0,0,12.33,12.29,9.12,27,0,0
836000,15.63,15.67,15.91,0,0,0,0,0,0,0,0,0,0,0,0,0,0,0,12.33,12.29,9.12,3,0,0
837000,15.7,15.68,15.92,0,0,0,0,0,0,0,0,0,0,0,0,0,0,0,12.33,12.29,9.12,21,0,0
838000,15.7,15.68,15.92,0,0,0,0,0,0,0,0,0,0,0,0,0,0,0,11.42,12.1,9.08,4,0,0
839000,15.57,15.66,15.91,0,0,0,0,0,0,0,0,0,0,0,0,0,0,0,11.42,12.1,9.08,15,0,0
840000,15.57,15.66,15.91,0,0,0,0,0,0,0,0,0,0,0,0,0,0,0,11.42,12.1,9.08,15,0,0
841000,15.83,15.7,15.92,0,0,0,0,0,0,0,0,0,0,0,0,0,0,0,11.42,12.1,9.08,29,0,0
842000,15.83,15.7,15.92,0,0,0,0,0,0,0,0,0,0,0,0,0,0,0,11.42,12.1,9.08,16,0,0
843000,15.86,15.71,15.92,0,0,0,0,0,0,0,0,0,0,0,0,0,0,0,11.63,12.13,9.11,10,0,0
844000,15.86,15.71,15.92,0,0,0,0,0,0,0,0,0,0,0,0,0,0,0,11.63,12.13,9.11,19,0,0
845000,15.88,15.72,15.92,0,0,0,0,0,0,0,0,0,0,0,0,0,0,0,11.63,12.13,9.11,27,0,0
846000,15.88,15.72,15.92,0,0,0,0,0,0,0,0,0,0,0,0,0,0,0,11.63,12.13,9.11,2,0,0
847000,15.72,15.7,15.91,0,0,0,0,0,0,0,0,0,0,0,0,0,0,0,11.63,12.13,9.11,11,0,0
848000,15.72,15.7,15.91,0,0,0,0,0,0,0,0,0,0,0,0,0,0,0,10.86,11.96,9.07,11,0,0
849000,15.77,15.71,15.91,0,0,0,0,0,0,0,0,0,0,0,0,0,0,0,10.86,11.96,9.07,15,0,0
850000,15.77,15.71,15.91,0,0,0,0,0,0,0,0,0,0,0,0,0,0,0,10.86,11.96,9.07,15,0,0
851000,15.81,15.72,15.91,0,0,0,0,0,0,0,0,0,0,0,0,0,0,0,10.86,11.96,9.07,28,0,0
852000,15.81,15.72,15.91,0,0,0,0,0,0,0,0,0,0,0,0,0,0,0,10.86,11.96,9.07,16,0,0
853000,16.03,15.76,15.92,0,0,0,0,0,0,0,0,0,0,0,0,0,0,0,12.31,12.25,9.18,17,0,0
854000,16.03,15.76,15.92,0,0,0,0,0,0,0,0,0,0,0,0,0,0,0,12.31,12.25,9.18,15,0,0
855000,16.02,15.77,15.92,0,0,0,0,0,0,0,0,0,0,0,0,0,0,0,12.31,12.25,9.18,19,0,0
856000,16.02,15.77,15.92,0,0,0,0,0,0,0,0,0,0,0,0,0,0,0,12.31,12.25,9.18,6,0,0
857000,16.2,15.81,15.93,0,0,0,0,0,0,0,0,0,0,0,0,0,0,0,12.31,12.25,9.18,28,0,0
858000,16.2,15.81,15.93,0,0,0,0,0,0,0,0,0,0,0,0,0,0,0,12.44,12.28,9.2,11,0,0
859000,16.52,15.88,15.95,0,0,0,0,0,0,0,0,0,0,0,0,0,0,0,12.44,12.28,9.2,18,0,0
860000,16.52,15.88,15.95,0,0,0,0,0,0,0,0,0,0,0,0,0,0,0,12.44,12.28,9.2,3,0,0
861000,17.15,16.02,15.97,0,0,0,0,0,0,0,0,0,0,0,0,0,0,0,12.44,12.28,9.2,3,0,0
862000,17.15,16.02,15.97,0,0,0,0,0,0,0,0,0,0,0,0,0,0,0,12.44,12.28,9.2,14,0,0
863000,17.49,16.11,15.99,0,0,0,0,0,0,0,0,0,0,0,0,0,0,0,12.25,12.24,9.21,11,0,0
864000,17.49,16.11,15.99,0,0,0,0,0,0,0,0,0,0,0,0,0,0,0,12.25,12.24,9.21,18,0,0
865000,17.94,16.24,16.02,0,0,0,0,0,0,0,0,0,0,0,0,0,0,0,12.25,12.24,9.21,18,0,0
866000,17.94,16.24,16.02,0,0,0,0,0,0,0,0,0,0,0,0,0,0,0,12.25,12.24,9.21,17,1,0
867000,18.31,16.36,16.05,0,0,0,0,0,0,0,0,0,0,0,0,0,0,0,12.25,12.24,9.21,2,0,0
868000,18.31,16.36,16.05,0,0,0,0,0,0,0,0,0,0,0,0,0,0,0,11.35,12.05,9.16,20,0,0
869000,18.26,16.42,16.06,0,0,0,0,0,0,0,0,0,0,0,0,0,0,0,11.35,12.05,9.16,2,0,0
870000,18.26,16.42,16.06,0,0,0,0,0,0,0,0,0,0,0,0,0,0,0,11.35,12.05,9.16,2,0,0
871000,17.85,16.4,16.06,0,0,0,0,0,0,0,0,0,0,0,0,0,0,0,11.35,12.05,9.16,10,0,0
872000,17.85,16.4,16.06,0,0,0,0,0,0,0,0,0,0,0,0,0,0,0,11.35,12.05,9.16,13,0,0
873000,17.15,16.33,16.05,0,0,0,0,0,0,0,0,0,0,0,0,0,0,0,11.56,12.08,9.19,2,0,0
874000,17.15,16.33,16.05,0,0,0,0,0,0,0,0,0,0,0,0,0,0,0,11.56,12.08,9.19,27,0,0
875000,17.12,16.35,16.06,0,0,0,0,0,0,0,0,0,0,0,0,0,0,0,11.56,12.08,9.19,15,0,0
876000,17.12,16.35,16.06,0,0,0,0,0,0,0,0,0,0,0,0,0,0,0,11.56,12.08,9.19,17,0,0
877000,16.73,16.3,16.05,0,0,0,0,0,0,0,0,0,0,0,0,0,0,0,11.56,12.08,9.19,10,0,0
878000,16.73,16.3,16.05,0,0,0,0,0,0,0,0,0,0,0,0,0,0,0,11.68,12.1,9.21,16,0,0
879000,16.24,16.23,16.03,0,0,0,0,0,0,0,0,0,0,0,0,0,0,0,11.68,12.1,9.21,28,0,0
880000,16.24,16.23,16.03,0,0,0,0,0,0,0,0,0,0,0,0,0,0,0,11.68,12.1,9.21,19,0,0
881000,16.19,16.22,16.03,0,0,0,0,0,0,0,0,0,0,0,0,0,0,0,11.68,12.1,9.21,15,0,0
882000,16.19,16.22,16.03,0,0,0,0,0,0,0,0,0,0,0,0,0,0,0,11.68,12.1,9.21,2,0,0
883000,16.16,16.21,16.03,0,0,0,0,0,0,0,0,0,0,0,0,0,0,0,10.82,11.91,9.17,30,0,0
884000,16.16,16.21,16.03,0,0,0,0,0,0,0,0,0,0,0,0,0,0,0,10.82,11.91,9.17,29,0,0
885000,15.95,16.17,16.03,0,0,0,0,0,0,0,0,0,0,0,0,0,0,0,10.82,11.91,9.17,30,0,0
886000,15.95,16.17,16.03,0,0,0,0,0,0,0,0,0,0,0,0,0,0,0,10.82,11.91,9.17,13,0,0
887000,16.32,16.23,16.04,0,0,0,0,0,0,0,0,0,0,0,0,0,0,0,11.16,11.97,9.2,23,0,0
888000,16.32,16.23,16.04,0,0,0,0,0,0,0,0,0,0,0,0,0,0,0,11.16,11.97,9.2,11,0,0
889000,16.26,16.22,16.04,0,0,0,0,0,0,0,0,0,0,0,0,0,0,0,11.16,11.97,9.2,2,0,0
890000,16.26,16.22,16.04,0,0,0,0,0,0,0,0,0,0,0,0,0,0,0,11.16,11.97,9.2,14,0,0
891000,16.39,16.25,16.05,0,0,0,0,0,0,0,0,0,0,0,0,0,0,0,11.16,11.97,9.2,8,0,0
892000,16.39,16.25,16.05,0,0,0,0,0,0,0,0,0,0,0,0,0,0,0,11.22,11.97,9.21,18,0,0
893000,16.14,16.21,16.04,0,0,0,0,0,0,0,0,0,0,0,0,0,0,0,11.22,11.97,9.21,7,0,0
894000,16.14,16.21,16.04,0,0,0,0,0,0,0,0,0,0,0,0,0,0,0,11.22,11.97,9.21,24,0,0
895000,16.29,16.23,16.04,0,0,0,0,0,0,0,0,0,0,0,0,0,0,0,11.22,11.97,9.21,7,0,0
896000,16.29,16.23,16.04,0,0,0,0,0,0,0,0,0,0,0,0,0,0,0,11.22,11.97,9.21,11,0,0
897000,17.15,16.39,16.08,0,0,0,0,0,0,0,0,0,0,0,0,0,0,0,11.37,11.98,9.23,17,0,0
898000,17.15,16.39,16.08,0,0,0,0,0,0,0,0,0,0,0,0,0,0,0,11.37,11.98,9.23,15,0,0
899000,17.3,16.44,16.09,0,0,0,0,0,0,0,0,0,0,0,0,0,0,0,11.37,11.98,9.23,10,0,0
900000,17.3,16.44,16.09,0,0,0,0,0,0,0,0,0,0,0,0,0,0,0,11.37,11.98,9.23,9,0,0
901000,17.06,16.43,16.09,0,0,0,0,0,0,0,0,0,0,0,0,0,0,0,11.37,11.98,9.23,17,0,0
902000,17.06,16.43,16.09,0,0,0,0,0,0,0,0,0,0,0,0,0,0,0,11.82,12.07,9.27,2,0,0
903000,16.69,16.38,16.08,0,0,0,0,0,0,0,0,0,0,0,0,0,0,0,11.82,12.07,9.27,29,0,0
904000,16.69,16.38,16.08,0,0,0,0,0,0,0,0,0,0,0,0,0,0,0,11.82,12.07,9.27,14,0,0
905000,16.38,16.34,16.08,0,0,0,0,0,0,0,0,0,0,0,0,0,0,0,11.82,12.07,9.27,29,0,0
906000,16.38,16.34,16.08,0,0,0,0,0,0,0,0,0,0,0,0,0,0,0,11.82,12.07,9.27,6,0,0
907000,16.31,16.32,16.07,0,0,0,0,0,0,0,0,0,0,0,0,0,0,0,11.91,12.08,9.29,14,0,0
908000,16.31,16.32,16.07,0,0,0,0,0,0,0,0,0,0,0,0,0,0,0,11.91,12.08,9.29,7,0,0
909000,15.89,16.25,16.06,0,0,0,0,0,0,0,0,0,0,0,0,0,0,0,11.91,12.08,9.29,27,0,0
910000,15.89,16.25,16.06,0,0,0,0,0,0,0,0,0,0,0,0,0,0,0,11.91,12.08,9.29,2,0,0
911000,15.73,16.21,16.05,0,0,0,0,0,0,0,0,0,0,0,0,0,0,0,11.91,12.08,9.29,2,0,0
912000,15.73,16.21,16.05,0,0,0,0,0,0,0,0,0,0,0,0,0,0,0,11.12,11.92,9.26,11,0,0
913000,15.6,16.17,16.05,0,0,0,0,0,0,0,0,0,0,0,0,0,0,0,11.12,11.92,9.26,11,0,0
914000,15.6,16.17,16.05,0,0,0,0,0,0,0,0,0,0,0,0,0,0,0,11.12,11.92,9.26,9,0,0
915000,15.49,16.13,16.04,0,0,0,0,0,0,0,0,0,0,0,0,0,0,0,11.12,11.92,9.26,2,0,0
916000,15.49,16.13,16.04,0,0,0,0,0,0,0,0,0,0,0,0,0,0,0,11.12,11.92,9.26,16,0,0
917000,15.76,16.16,16.04,0,0,0,0,0,0,0,0,0,0,0,0,0,0,0,11.35,11.95,9.28,29,0,0
918000,15.76,16.16,16.04,0,0,0,0,0,0,0,0,0,0,0,0,0,0,0,11.35,11.95,9.28,2,0,0
919000,15.8,16.15,16.04,0,0,0,0,0,0,0,0,0,0,0,0,0,0,0,11.35,11.95,9.28,15,0,0
920000,15.8,16.15,16.04,0,0,0,0,0,0,0,0,0,0,0,0,0,0,0,11.35,11.95,9.28,15,0,0
921000,15.84,16.15,16.04,0,0,0,0,0,0,0,0,0,0,0,0,0,0,0,11.35,11.95,9.28,31,0,0
922000,15.84,16.15,16.04,0,0,0,0,0,0,0,0,0,0,0,0,0,0,0,11.64,12,9.31,10,0,0
923000,15.87,16.14,16.04,0,0,0,0,0,0,0,0,0,0,0,0,0,0,0,11.64,12,9.31,15,0,0
924000,15.87,16.14,16.04,0,0,0,0,0,0,0,0,0,0,0,0,0,0,0,11.64,12,9.31,28,0,0
925000,15.89,16.14,16.04,0,0,0,0,0,0,0,0,0,0,0,0,0,0,0,11.64,12,9.31,30,0,0
926000,15.89,16.14,16.04,0,0,0,0,0,0,0,0,0,0,0,0,0,0,0,11.64,12,9.31,3,0,0
927000,15.91,16.13,16.04,0,0,0,0,0,0,0,0,0,0,0,0,0,0,0,11.83,12.03,9.34,2,0,0
928000,15.91,16.13,16.04,0,0,0,0,0,0,0,0,0,0,0,0,0,0,0,11.83,12.03,9.34,16,0,0
929000,15.92,16.13,16.04,0,0,0,0,0,0,0,0,0,0,0,0,0,0,0,11.83,12.03,9.34,16,0,0
930000,15.92,16.13,16.04,0,0,0,0,0,0,0,0,0,0,0,0,0,0,0,11.83,12.03,9.34,16,0,0
931000,15.76,16.09,16.03,0,0,0,0,0,0,0,0,0,0,0,0,0,0,0,11.83,12.03,9.34,18,0,0
932000,15.76,16.09,16.03,0,0,0,0,0,0,0,0,0,0,0,0,0,0,0,11.92,12.05,9.36,2,0,0
933000,15.62,16.05,16.03,0,0,0,0,0,0,0,0,0,0,0,0,0,0,0,11.92,12.05,9.36,2,0,0
934000,15.62,16.05,16.03,0,0,0,0,0,0,0,0,0,0,0,0,0,0,0,11.92,12.05,9.36,11,0,0
935000,15.32,15.99,16.01,0,0,0,0,0,0,0,0,0,0,0,0,0,0,0,11.92,12.05,9.36,12,0,0
936000,15.32,15.99,16.01,0,0,0,0,0,0,0,0,0,0,0,0,0,0,0,11.92,12.05,9.36,2,0,0
937000,15.45,15.99,16.01,0,0,0,0,0,0,0,0,0,0,0,0,0,0,0,11.29,11.92,9.33,18,0,0
938000,15.45,15.99,16.01,0,0,0,0,0,0,0,0,0,0,0,0,0,0,0,11.29,11.92,9.33,7,0,0
939000,15.36,15.95,16.01,0,0,0,0,0,0,0,0,0,0,0,0,0,0,0,11.29,11.92,9.33,29,0,0
940000,15.36,15.95,16.01,0,0,0,0,0,0,0,0,0,0,0,0,0,0,0,11.29,11.92,9.33,31,0,0
941000,15.48,15.95,16,0,0,0,0,0,0,0,0,0,0,0,0,0,0,0,11.29,11.92,9.33,7,0,0
942000,15.48,15.95,16,0,0,0,0,0,0,0,0,0,0,0,0,0,0,0,10.63,11.77,9.29,15,0,0
943000,15.57,15.96,16,0,0,0,0,0,0,0,0,0,0,0,0,0,0,0,10.63,11.77,9.29,15,0,0
944000,15.57,15.96,16,0,0,0,0,0,0,0,0,0,0,0,0,0,0,0,10.63,11.77,9.29,12,0,0
945000,15.29,15.89,15.99,0,0,0,0,0,0,0,0,0,0,0,0,0,0,0,10.63,11.77,9.29,17,0,0
946000,15.29,15.89,15.99,0,0,0,0,0,0,0,0,0,0,0,0,0,0,0,10.63,11.77,9.29,28,0,0
947000,15.23,15.86,15.98,0,0,0,0,0,0,0,0,0,0,0,0,0,0,0,10.74,11.77,9.31,16,0,0
948000,15.23,15.86,15.98,0,0,0,0,0,0,0,0,0,0,0,0,0,0,0,10.74,11.77,9.31,24,0,0
949000,15.55,15.9,15.99,0,0,0,0,0,0,0,0,0,0,0,0,0,0,0,10.74,11.77,9.31,5,0,0
950000,15.55,15.9,15.99,0,0,0,0,0,0,0,0,0,0,0,0,0,0,0,10.74,11.77,9.31,2,0,0
951000,15.63,15.9,15.99,0,0,0,0,0,0,0,0,0,0,0,0,0,0,0,10.74,11.77,9.31,23,0,0
952000,15.63,15.9,15.99,0,0,0,0,0,0,0,0,0,0,0,0,0,0,0,11,11.81,9.33,16,0,0
953000,15.52,15.87,15.98,0,0,0,0,0,0,0,0,0,0,0,0,0,0,0,11,11.81,9.33,2,0,0
954000,15.52,15.87,15.98,0,0,0,0,0,0,0,0,0,0,0,0,0,0,0,11,11.81,9.33,10,0,0
955000,15.42,15.84,15.98,0,0,0,0,0,0,0,0,0,0,0,0,0,0,0,11,11.81,9.33,3,0,0
956000,15.42,15.84,15.98,0,0,0,0,0,0,0,0,0,0,0,0,0,0,0,11,11.81,9.33,30,0,0
957000,15.53,15.85,15.98,0,0,0,0,0,0,0,0,0,0,0,0,0,0,0,11.08,11.81,9.35,6,0,0
958000,15.53,15.85,15.98,0,0,0,0,0,0,0,0,0,0,0,0,0,0,0,11.08,11.81,9.35,29,0,0
959000,15.43,15.82,15.97,0,0,0,0,0,0,0,0,0,0,0,0,0,0,0,11.08,11.81,9.35,19,0,0
960000,15.43,15.82,15.97,0,0,0,0,0,0,0,0,0,0,0,0,0,0,0,11.08,11.81,9.35,28,0,0
961000,15.53,15.83,15.97,0,0,0,0,0,0,0,0,0,0,0,0,0,0,0,11.08,11.81,9.35,6,0,0
962000,15.53,15.83,15.97,0,0,0,0,0,0,0,0,0,0,0,0,0,0,0,10.91,11.77,9.35,2,0,0
963000,15.43,15.8,15.96,0,0,0,0,0,0,0,0,0,0,0,0,0,0,0,10.91,11.77,9.35,11,0,0
964000,15.43,15.8,15.96,0,0,0,0,0,0,0,0,0,0,0,0,0,0,0,10.91,11.77,9.35,15,0,0
965000,15.54,15.81,15.97,0,0,0,0,0,0,0,0,0,0,0,0,0,0,0,10.91,11.77,9.35,13,0,0
966000,15.54,15.81,15.97,0,0,0,0,0,0,0,0,0,0,0,0,0,0,0,10.91,11.77,9.35,33,0,0
967000,15.62,15.81,15.97,0,0,0,0,0,0,0,0,0,0,0,0,0,0,0,10.12,11.59,9.3,3,0,0
968000,15.62,15.81,15.97,0,0,0,0,0,0,0,0,0,0,0,0,0,0,0,10.12,11.59,9.3,7,0,0
969000,15.51,15.79,15.96,0,0,0,0,0,0,0,0,0,0,0,0,0,0,0,10.12,11.59,9.3,9,0,0
970000,15.51,15.79,15.96,0,0,0,0,0,0,0,0,0,0,0,0,0,0,0,10.12,11.59,9.3,20,0,0
971000,15.78,15.83,15.97,0,0,0,0,0,0,0,0,0,0,0,0,0,0,0,10.12,11.59,9.3,4,0,0
972000,15.78,15.83,15.97,0,0,0,0,0,0,0,0,0,0,0,0,0,0,0,10.11,11.56,9.31,2,0,0
973000,15.09,15.7,15.94,0,0,0,0,0,0,0,0,0,0,0,0,0,0,0,10.11,11.56,9.31,1,0,0
974000,15.09,15.7,15.94,0,0,0,0,0,0,0,0,0,0,0,0,0,0,0,10.11,11.56,9.31,1,0,0
975000,12.54,15.22,15.84,0,0,0,0,0,0,0,0,0,0,0,0,0,0,0,10.11,11.56,9.31,1,0,0
976000,12.54,15.22,15.84,0,0,0,0,0,0,0,0,0,0,0,0,0,0,0,10.11,11.56,9.31,1,0,0
